上位のページ,クリック数,表示回数,CTR,掲載順位
https://paytner.co.jp/factoring/app/users/sign_in,33543,92765,36.16%,1.94
https://paytner.co.jp/,23685,173887,13.62%,16.14
https://paytner.co.jp/paytter/freelance/2893/,14836,1169873,1.27%,8.52
https://paytner.co.jp/paytter/freelance/7099/,3111,185100,1.68%,2.58
https://paytner.co.jp/paytter/freelance/3865/,2649,79384,3.34%,8.5
https://paytner.co.jp/paytter/freelance/3895/,2050,51140,4.01%,8.56
https://paytner.co.jp/paytter/freelance/12277/,1704,40319,4.23%,5
https://paytner.co.jp/paytter/freelance/5252/,1647,47719,3.45%,7.63
https://paytner.co.jp/paytter/freelance/3878/,1456,43475,3.35%,10.68
https://paytner.co.jp/paytter/freelance/3861/,1429,38371,3.72%,7.91
https://paytner.co.jp/paytter/freelance/3159/,1428,104517,1.37%,6.16
https://paytner.co.jp/paytter/freelance/7885/,1408,76089,1.85%,6.92
https://paytner.co.jp/paytter/freelance/4304/,1345,81298,1.65%,6.91
https://paytner.co.jp/paytter/freelance/5717/,1313,87760,1.5%,8.78
https://paytner.co.jp/paytter/freelance/4332/,1181,41998,2.81%,6.99
https://paytner.co.jp/paytter/freelance/12447/,1081,27466,3.94%,4.01
https://paytner.co.jp/paytter/freelance/5996/,1027,49070,2.09%,9.32
https://paytner.co.jp/paytter/freelance/6496/,1013,34814,2.91%,6.63
https://paytner.co.jp/paytter/freelance/11652/,989,80743,1.22%,5.97
https://paytner.co.jp/paytter/freelance/2417/,930,75447,1.23%,9.58
https://paytner.co.jp/paytter/freelance/5017/,858,109076,0.79%,6.75
https://paytner.co.jp/paytter/service/11683/,856,12401,6.9%,7.89
https://paytner.co.jp/paytter/freelance/11433/,843,113511,0.74%,9.09
https://paytner.co.jp/paytter/freelance/12473/,815,66664,1.22%,9.36
https://paytner.co.jp/paytter/freelance/5526/,789,40048,1.97%,8.48
https://paytner.co.jp/paytter/freelance/10396/,782,60360,1.3%,13.83
https://paytner.co.jp/invoice,776,60758,1.28%,2.48
https://paytner.co.jp/paytter/freelance/2768/,742,46086,1.61%,7.98
https://paytner.co.jp/paytter/freelance/2196/,714,44149,1.62%,5.93
https://corp.paytner.co.jp/about,713,37727,1.89%,1.48
https://paytner.co.jp/paytter/freelance/4517/,711,26013,2.73%,7.91
https://paytner.co.jp/paytter/freelance/4915/,706,49849,1.42%,9.02
https://paytner.co.jp/invoice/billmag/conveniencestore-invoice/,702,65300,1.08%,6.1
https://paytner.co.jp/paytter/freelance/5398/,697,58873,1.18%,6.71
https://paytner.co.jp/paytter/freelance/3853/,696,41991,1.66%,8.18
https://paytner.co.jp/paytter/freelance/1491/,679,28686,2.37%,6.58
https://paytner.co.jp/faq,668,26867,2.49%,3.3
https://paytner.co.jp/paytter/factoring/10209/,661,14635,4.52%,7.65
https://paytner.co.jp/paytter/freelance/5091/,625,40584,1.54%,9.13
https://paytner.co.jp/paytter/freelance/4033/,608,20579,2.95%,6.94
https://paytner.co.jp/pricing,605,83205,0.73%,1.84
https://paytner.co.jp/paytter/freelance/9757/,605,41623,1.45%,8.06
https://paytner.co.jp/paytter/freelance/6157/,576,22624,2.55%,6.43
https://paytner.co.jp/paytter/freelance/6037/,556,83053,0.67%,7.19
https://paytner.co.jp/paytter/freelance/4484/,546,47099,1.16%,5.89
https://paytner.co.jp/paytter/freelance/4367/,535,49779,1.07%,7.38
https://paytner.co.jp/paytter/freelance/11479/,534,74635,0.72%,8.57
https://paytner.co.jp/paytter/freelance/6241/,530,16762,3.16%,10.65
https://paytner.co.jp/paytter/freelance/12029/,526,24693,2.13%,4.6
https://paytner.co.jp/paytter/freelance/9740/,503,13743,3.66%,7.19
https://paytner.co.jp/paytter/freelance/7399/,502,50270,1%,8.48
https://paytner.co.jp/paytter/freelance/4251/,492,21146,2.33%,6.49
https://paytner.co.jp/paytter/freelance/2366/,488,72230,0.68%,3.89
https://paytner.co.jp/paytter/freelance/4494/,472,58791,0.8%,9.06
https://paytner.co.jp/paytter/freelance/6487/,471,46606,1.01%,7.02
https://paytner.co.jp/paytter/freelance/4190/,443,8020,5.52%,5.92
https://paytner.co.jp/paytter/freelance/4214/,424,24361,1.74%,6.78
https://paytner.co.jp/paytter/freelance/3476/,414,39787,1.04%,10.44
https://paytner.co.jp/paytter/freelance/12286/,409,13543,3.02%,6.35
https://paytner.co.jp/paytter/freelance/3764/,400,10795,3.71%,16.36
https://paytner.co.jp/paytter/freelance/6274/,398,28234,1.41%,6.23
https://paytner.co.jp/paytter/freelance/8727/,394,38102,1.03%,8.99
https://paytner.co.jp/contact,394,35009,1.13%,2.22
https://paytner.co.jp/card,388,7776,4.99%,5.61
https://paytner.co.jp/paytter/freelance/6752/,370,24060,1.54%,6.54
https://paytner.co.jp/paytter/freelance/6116/,368,46483,0.79%,4.74
https://paytner.co.jp/paytter/freelance/7915/,341,72702,0.47%,9.68
https://paytner.co.jp/paytter/freelance/7704/,341,22898,1.49%,7.44
https://paytner.co.jp/invoice/billmag/invoice-mistake/,334,32769,1.02%,8.18
https://paytner.co.jp/paytter/freelance/10632/,331,32292,1.03%,7.44
https://paytner.co.jp/paytter/freelance/5462/,318,21085,1.51%,7.4
https://paytner.co.jp/paytter/freelance/3975/,312,29744,1.05%,8.54
https://paytner.co.jp/paytter/freelance/12345/,309,17530,1.76%,9.61
https://paytner.co.jp/invoice/billmag/inovice-inperson/,303,38416,0.79%,6.95
https://paytner.co.jp/paytter/factoring/4650/,276,10117,2.73%,14.79
https://paytner.co.jp/paytter/freelance/6469/,265,73599,0.36%,8.24
https://paytner.co.jp/paytter/freelance/12002/,262,39818,0.66%,12.3
https://paytner.co.jp/paytter/freelance/4040/,257,19622,1.31%,12.65
https://paytner.co.jp/paytter/freelance/6321/,256,48457,0.53%,5.08
https://paytner.co.jp/paytter/freelance/1632/,251,19377,1.3%,15.2
https://paytner.co.jp/paytter/freelance/9594/,250,32775,0.76%,9.23
https://paytner.co.jp/paytter/freelance/9276/,244,12135,2.01%,14.83
https://paytner.co.jp/paytter/freelance/4670/,237,18094,1.31%,7.95
https://paytner.co.jp/paytter/freelance/1439/,230,70851,0.32%,6.92
https://paytner.co.jp/paytter/freelance/12197/,229,19238,1.19%,7.3
https://corp.paytner.co.jp/recruit,228,51772,0.44%,1.76
https://paytner.co.jp/paytter/freelance/12118/,228,12142,1.88%,11.04
https://paytner.co.jp/paytter/freelance/12452/,223,55771,0.4%,8.3
https://corp.paytner.co.jp/,222,44177,0.5%,2.73
https://paytner.co.jp/paytter/freelance/11650/,222,24760,0.9%,8.89
https://paytner.co.jp/posts/column-0011,215,4062,5.29%,10.52
https://paytner.co.jp/paytter/freelance/6272/,214,20260,1.06%,7.32
https://paytner.co.jp/paytter/freelance/10681/,212,15410,1.38%,13.68
https://paytner.co.jp/paytter/freelance/9513/,206,3737,5.51%,9.85
https://paytner.co.jp/paytter/freelance/12051/,204,14646,1.39%,15.1
https://paytner.co.jp/paytter/freelance/4533/,203,21441,0.95%,7.31
https://paytner.co.jp/paytter/freelance/6809/,196,98892,0.2%,6.08
https://paytner.co.jp/paytter/freelance/11613/,189,24263,0.78%,4.08
https://paytner.co.jp/paytter/freelance/4952/,188,27879,0.67%,12.54
https://paytner.co.jp/paytter/freelance/11928/,187,28590,0.65%,8.51
https://paytner.co.jp/paytter/freelance/12155/,184,28880,0.64%,7.26
https://paytner.co.jp/paytter/freelance/5934/,179,38581,0.46%,8.57
https://paytner.co.jp/paytter/line5000off/,179,867,20.65%,2.91
https://paytner.co.jp/posts/column-0002,178,1923,9.26%,2.77
https://paytner.co.jp/paytter/freelance/11233/,177,11614,1.52%,9.13
https://paytner.co.jp/paytter/freelance/4248/,176,14709,1.2%,7.37
https://paytner.co.jp/paytter/service/11731/,173,5061,3.42%,9.51
https://paytner.co.jp/paytter/freelance/8522/,170,9758,1.74%,13.24
https://paytner.co.jp/paytter/calender/,170,6994,2.43%,7.49
https://paytner.co.jp/paytter/freelance/4840/,166,52414,0.32%,5.9
https://paytner.co.jp/paytter/freelance/6172/,165,28391,0.58%,7.31
https://paytner.co.jp/paytter/freelance/12244/,158,17848,0.89%,4.83
https://paytner.co.jp/invoice/billmag/invoice-deliverynote/,153,21030,0.73%,5.29
https://paytner.co.jp/paytter/freelance/8276/,152,3340,4.55%,11.45
https://paytner.co.jp/paytter/freelance/4708/,151,7620,1.98%,18.43
https://paytner.co.jp/sakibarai,147,9260,1.59%,8.44
https://paytner.co.jp/invoice/billmag/accrualbasis/,143,15578,0.92%,8.15
https://paytner.co.jp/posts/R5t3pXL0,143,5358,2.67%,3.98
https://paytner.co.jp/members/sakai-yu,138,587,23.51%,2.41
https://paytner.co.jp/posts/column-0015,137,1854,7.39%,6.4
https://paytner.co.jp/terms,136,16445,0.83%,3.49
https://paytner.co.jp/paytter/service/12085/,134,3501,3.83%,17.86
https://paytner.co.jp/paytter/freelance/5775/,133,48751,0.27%,5.34
https://paytner.co.jp/paytter/freelance/10460/,125,17977,0.7%,4.93
https://paytner.co.jp/paytter/freelance/5794/,123,11049,1.11%,9.22
https://paytner.co.jp/paytter/freelance/3745/,121,52704,0.23%,9.27
https://paytner.co.jp/paytter/factoring/7557/,121,8375,1.44%,15.59
https://paytner.co.jp/paytter/freelance/7717/,116,19639,0.59%,9.03
https://paytner.co.jp/paytter/freelance/4052/,110,21951,0.5%,7.18
https://paytner.co.jp/paytter/freelance/10690/,109,10851,1%,10.56
https://paytner.co.jp/paytter/freelance/8103/,109,7529,1.45%,11.33
https://paytner.co.jp/paytter/freelance/6836/,108,32447,0.33%,4.81
https://paytner.co.jp/paytter/freelance/5997/,108,18043,0.6%,17.47
https://paytner.co.jp/paytter/freelance/10580/,105,19620,0.54%,9.03
https://paytner.co.jp/paytter/freelance/3333/,105,16049,0.65%,15.45
https://paytner.co.jp/posts/IOtHg3EI,105,1690,6.21%,5.47
https://paytner.co.jp/invoice/billmag/invoice-due-date/,104,40229,0.26%,6.21
https://paytner.co.jp/paytter/freelance/11122/,103,23408,0.44%,8.89
https://paytner.co.jp/paytter/freelance/2631/,103,13023,0.79%,13.96
https://paytner.co.jp/paytter/freelance/11186/,102,22551,0.45%,7.41
https://paytner.co.jp/invoice/billmag/invoice-transfer-fee/,101,39019,0.26%,8.36
https://paytner.co.jp/paytter/freelance/2400/,100,16685,0.6%,7.86
https://paytner.co.jp/paytter/freelance/12103/,99,27596,0.36%,9.02
https://paytner.co.jp/paytter/freelance/2157/,98,9796,1%,7.12
https://paytner.co.jp/tags/factoring-exam,98,4075,2.4%,4.83
https://paytner.co.jp/invoice/billmag/inspection-document/,97,49277,0.2%,5.8
https://paytner.co.jp/paytter/freelance/8068/,95,6142,1.55%,12.27
https://paytner.co.jp/paytter/freelance/5754/,89,18878,0.47%,8.38
https://paytner.co.jp/paytter/freelance/1517/,88,18228,0.48%,10.91
https://paytner.co.jp/paytter/freelance/7765/,88,2586,3.4%,7.33
https://paytner.co.jp/paytter/freelance/8869/,84,17721,0.47%,6.28
https://paytner.co.jp/posts/column-0008,84,1708,4.92%,10.56
https://paytner.co.jp/paytter/freelance/8090/,82,5179,1.58%,6.33
https://paytner.co.jp/paytter/freelance/5208/,81,30993,0.26%,6.86
https://paytner.co.jp/paytter/service/7638/,80,11370,0.7%,5.85
https://paytner.co.jp/paytter/freelance/11637/,79,14004,0.56%,10.29
https://paytner.co.jp/paytter/freelance/2284/,77,5962,1.29%,17.81
https://paytner.co.jp/paytter/freelance/9139/,76,8726,0.87%,10.52
https://paytner.co.jp/paytter/freelance/11735/,74,12238,0.6%,11.5
https://paytner.co.jp/paytter/freelance/3801/,73,8854,0.82%,18.17
https://paytner.co.jp/paytter/factoring/11828/,73,8363,0.87%,16.97
https://paytner.co.jp/paytter/freelance/11778/,71,4201,1.69%,8.34
https://paytner.co.jp/posts/column-0005,70,13646,0.51%,5.84
https://paytner.co.jp/paytter/service/11626/,70,9888,0.71%,7.69
https://paytner.co.jp/paytter/freelance/11184/,69,13445,0.51%,9.44
https://paytner.co.jp/paytter/freelance/1603/,69,10257,0.67%,19.88
https://paytner.co.jp/paytter/freelance/6868/,67,4680,1.43%,9.63
https://paytner.co.jp/paytter/freelance/4934/,65,45220,0.14%,12.09
https://paytner.co.jp/tags/factoring-qa,63,14265,0.44%,2.16
https://paytner.co.jp/invoice/old/20240418,63,1961,3.21%,4.16
https://paytner.co.jp/paytter/freelance/3213/,61,22689,0.27%,6.45
https://paytner.co.jp/paytter/factoring/11793/,61,5463,1.12%,33.26
https://paytner.co.jp/paytter/freelance/8010/,60,8018,0.75%,10
https://paytner.co.jp/paytter/factoring/4139/,60,5199,1.15%,14.85
https://paytner.co.jp/invoice/billmag/invoice-issuance/?gclid=Cj0KCQjwhfipBhCqARIsAH9msbnwDqsj4ETxFCrdsxrTM7zCIyKLfJxYxcCsEppTOeHXmczbKMBHEPAaAjUaEALw_wcB&gbraid=0AAAAADPrU56HxfqDY4IoL7cWyPvM_Ja3b,59,19168,0.31%,10.64
https://paytner.co.jp/invoice/billmag/web-creater-invoice/,58,15123,0.38%,5.11
https://paytner.co.jp/paytter/freelance/7805/,58,10599,0.55%,10.56
https://paytner.co.jp/paytter/freelance/12132/,57,13077,0.44%,14.23
https://paytner.co.jp/paytter/freelance/7931/,57,6523,0.87%,12.04
https://paytner.co.jp/paytter/factoring/5103/,57,5697,1%,9.36
https://paytner.co.jp/paytter/factoring/11892/,57,5258,1.08%,14.97
https://paytner.co.jp/paytter/freelance/10954/,55,9908,0.56%,13.47
https://paytner.co.jp/paytter/factoring/1987/,55,3582,1.54%,18.11
https://paytner.co.jp/paytter/freelance/6327/,54,21590,0.25%,5
https://paytner.co.jp/paytter/freelance/5646/,52,20789,0.25%,11.88
https://paytner.co.jp/factoring/app/users/sign_up,50,43698,0.11%,2.81
https://paytner.co.jp/paytter/service/10956/,50,5390,0.93%,6.99
https://paytner.co.jp/paytter/freelance/3247/,50,3523,1.42%,14.52
https://paytner.co.jp/posts/column-0007,49,2206,2.22%,4.13
https://paytner.co.jp/invoice/pricing,48,11973,0.4%,4.09
https://paytner.co.jp/paytter/factoring/11888/,48,5263,0.91%,18.39
https://paytner.co.jp/paytter/freelance/7426/,47,780,6.03%,5.28
https://paytner.co.jp/paytter/factoring/5104/,46,6569,0.7%,16.57
https://paytner.co.jp/paytter/factoring/1326/,45,7034,0.64%,24.4
https://paytner.co.jp/paytter/freelance/11912/,44,18030,0.24%,12.23
https://paytner.co.jp/tags/factoring-payee,44,1849,2.38%,5.89
https://paytner.co.jp/paytter/freelance/9789/,43,22937,0.19%,3.5
https://paytner.co.jp/paytter/freelance/6591/,43,4828,0.89%,7.18
https://paytner.co.jp/paytter/freelance/6162/,42,14027,0.3%,5.48
https://paytner.co.jp/paytter/freelance/11027/,42,6705,0.63%,10.72
https://paytner.co.jp/paytter/freelance/3223/,42,3380,1.24%,10.73
https://paytner.co.jp/paytter/freelance/10283/,41,20730,0.2%,9.92
https://paytner.co.jp/paytter/freelance/5281/,41,3233,1.27%,17.31
https://paytner.co.jp/paytter/freelance/3196/,40,17323,0.23%,5.74
https://paytner.co.jp/members/tsuyoshi-murayama,40,370,10.81%,4.37
https://paytner.co.jp/paytter/freelance/9859/,39,3748,1.04%,8.31
https://paytner.co.jp/posts/column-0019,39,397,9.82%,5.15
https://paytner.co.jp/invoice/billmag/invoice-receipt/,38,30054,0.13%,8.25
https://paytner.co.jp/paytter/freelance/7986/,38,15546,0.24%,15.58
https://paytner.co.jp/paytter/freelance/6174/,38,11026,0.34%,10.04
https://paytner.co.jp/paytter/factoring/2882/,38,8893,0.43%,18.47
https://paytner.co.jp/paytter/freelance/10712/,38,6831,0.56%,9.03
https://paytner.co.jp/paytter/freelance/5228/,38,5035,0.75%,13.21
https://paytner.co.jp/paytter/freelance/10242/,37,14053,0.26%,20.32
https://paytner.co.jp/paytter/freelance/6656/,37,12253,0.3%,4.32
https://paytner.co.jp/posts/P-pukKbA,37,796,4.65%,5.97
https://paytner.co.jp/paytter/freelance/5187/,36,15585,0.23%,9.51
https://paytner.co.jp/paytter/freelance/1623/,36,6080,0.59%,10.48
https://paytner.co.jp/members/noro-yusuke,36,277,13%,2.75
https://paytner.co.jp/paytter/factoring/2221/,35,5162,0.68%,31.3
https://paytner.co.jp/paytter/freelance/5870/,35,1771,1.98%,25.61
https://paytner.co.jp/paytter/tag/審査落ち/,34,2773,1.23%,9.15
https://paytner.co.jp/paytter/freelance/4023/,33,4578,0.72%,14.43
https://paytner.co.jp/factoring/app/users/password/new,32,17294,0.19%,4.61
https://paytner.co.jp/paytter/factoring/11604/,32,11428,0.28%,27.26
https://corp.paytner.co.jp/contact,32,2537,1.26%,5.26
https://paytner.co.jp/paytter/freelance/4966/,30,6876,0.44%,27.2
https://corp.paytner.co.jp/members/hayashi-takato,30,167,17.96%,4.94
https://paytner.co.jp/paytter/freelance/6168/,29,4973,0.58%,5.2
https://paytner.co.jp/paytter/factoring/11978/,29,3230,0.9%,13.44
https://paytner.co.jp/paytter/freelance/4219/,29,2477,1.17%,21.62
https://paytner.co.jp/paytter/factoring/2595/,29,1504,1.93%,10.01
https://paytner.co.jp/paytter/freelance/10524/,28,12132,0.23%,9.06
https://paytner.co.jp/paytter/freelance/9882/,28,8288,0.34%,7.37
https://paytner.co.jp/invoice/billmag/invoice-prescription/,28,5440,0.51%,12.99
https://paytner.co.jp/paytter/factoring/5538/,28,5078,0.55%,23
https://paytner.co.jp/paytter/freelance/6477/,28,4639,0.6%,8.78
https://paytner.co.jp/paytter/factoring/974/,28,4380,0.64%,5.6
https://paytner.co.jp/paytter/freelance/2024/,28,4215,0.66%,10.55
https://paytner.co.jp/invoice/terms,28,2010,1.39%,5.13
https://paytner.co.jp/paytter/freelance/11712/,27,11376,0.24%,11.38
https://paytner.co.jp/posts/8o7WYcAv,27,590,4.58%,7.05
https://paytner.co.jp/paytter/freelance/2893/#i,26,142777,0.02%,5.89
https://paytner.co.jp/paytter/freelance/8576/,26,8047,0.32%,17.33
https://paytner.co.jp/paytter/,25,6803,0.37%,3.81
https://paytner.co.jp/paytter/freelance/3993/,25,4514,0.55%,14.27
https://paytner.co.jp/paytter/freelance/1696/,25,3419,0.73%,9.49
https://paytner.co.jp/paytter/freelance/9380/,25,3164,0.79%,9.83
https://paytner.co.jp/paytter/freelance/10788/,24,8834,0.27%,9.78
https://paytner.co.jp/paytter/factoring/5253/,24,3748,0.64%,19.81
https://paytner.co.jp/posts/column-0009,24,505,4.75%,6.9
https://paytner.co.jp/members/shinpei-wakida,24,61,39.34%,1.77
https://paytner.co.jp/paytter/freelance/12029/#i,23,5822,0.4%,4.36
https://paytner.co.jp/paytter/factoring/12019/,23,5399,0.43%,13.13
https://paytner.co.jp/invoice/billmag/invoice-tax-withholding/,22,7122,0.31%,12.82
https://paytner.co.jp/posts/column-0004,22,5867,0.37%,6.45
https://paytner.co.jp/paytter/tag/個人給料ファクタリング/,22,286,7.69%,37.9
https://paytner.co.jp/invoice/billmag/freelance-invoice/,21,13509,0.16%,9.11
https://paytner.co.jp/paytter/freelance/3485/,21,6095,0.34%,17.56
https://paytner.co.jp/paytter/freelance/5493/,21,5082,0.41%,28.54
https://paytner.co.jp/paytter/freelance/6419/,21,2399,0.88%,13.03
https://paytner.co.jp/paytter/member-voice/2091/,21,573,3.66%,6.3
https://paytner.co.jp/paytter/freelance/3865/#i-4,20,17587,0.11%,5.6
https://paytner.co.jp/paytter/freelance/4009/,20,9349,0.21%,3.63
https://paytner.co.jp/paytter/factoring/4795/,20,5926,0.34%,17.74
https://paytner.co.jp/paytter/freelance/5561/,20,5528,0.36%,17.76
https://paytner.co.jp/posts/column-0006,20,2793,0.72%,5.21
https://paytner.co.jp/lp/207,20,483,4.14%,11.44
https://paytner.co.jp/paytter/freelance/9623/,19,7025,0.27%,7.41
https://paytner.co.jp/partner,19,6478,0.29%,3.28
https://paytner.co.jp/paytter/freelance/2913/,19,5659,0.34%,11.31
https://paytner.co.jp/paytter/freelance/10648/,19,3628,0.52%,12.85
https://paytner.co.jp/posts/column-0021,19,723,2.63%,5.63
https://lp.paytner.co.jp/invoice,19,552,3.44%,1.27
https://paytner.co.jp/members/miura-kazuma,19,267,7.12%,5.29
https://paytner.co.jp/posts/column-0003,18,1783,1.01%,5.36
https://paytner.co.jp/tags/factoring-inform,18,485,3.71%,9.22
https://paytner.co.jp/invoice/billmag/download/請求書サンプル_配布用/,18,346,5.2%,5.09
https://paytner.co.jp/paytter/freelance/11079/,17,3433,0.5%,12.39
https://paytner.co.jp/invoice/billmag/invoice-reissue/,17,2210,0.77%,15.16
https://paytner.co.jp/paytter/tag/土日/,17,585,2.91%,6.49
https://paytner.co.jp/paytter/service/11856/,16,3007,0.53%,37.3
https://paytner.co.jp/paytter/freelance/10749/,16,2362,0.68%,12.42
https://paytner.co.jp/tags/factoring-upper,16,846,1.89%,5.83
https://paytner.co.jp/invoice/download,15,10454,0.14%,3.72
https://paytner.co.jp/paytter/factoring/2375/,15,4996,0.3%,22
https://paytner.co.jp/invoice/billmag/electronic-invoice-guidance/,15,4763,0.31%,10.31
https://paytner.co.jp/paytter/freelance/10664/,15,3060,0.49%,23.71
https://paytner.co.jp/paytter/factoring/10802/,15,2577,0.58%,5.18
https://paytner.co.jp/paytter/service/8586/,15,445,3.37%,11.42
https://paytner.co.jp/members/shinozawa-kazuo,15,58,25.86%,1.86
https://paytner.co.jp/paytter/freelance/2676/,14,5005,0.28%,6.59
https://paytner.co.jp/paytter/freelance/3897/,14,4051,0.35%,9.6
https://paytner.co.jp/paytter/factoring/12062/,14,3346,0.42%,18.39
https://paytner.co.jp/paytter/freelance/8177/,14,1181,1.19%,12.1
https://paytner.co.jp/paytter/factoring/5562/,13,4756,0.27%,27.9
https://paytner.co.jp/paytter/freelance/11574/,13,3200,0.41%,13.49
https://paytner.co.jp/lp/,13,1497,0.87%,11.49
https://paytner.co.jp/posts/column-0012,12,9920,0.12%,8.24
https://paytner.co.jp/paytter/freelance/7834/,12,6219,0.19%,33.29
https://paytner.co.jp/action,12,4973,0.24%,2.27
https://paytner.co.jp/invoice/billmag/invoice-split-issue/,12,4159,0.29%,11.68
https://paytner.co.jp/paytter/freelance/1498/,12,2897,0.41%,8.79
https://paytner.co.jp/paytter/freelance/6014/,12,2201,0.55%,20.43
https://paytner.co.jp/invoice/billmag/inter-corporation-ransactions-recommended/,12,1516,0.79%,15.77
https://paytner.co.jp/members/onishi-rion,12,57,21.05%,4.05
https://paytner.co.jp/paytter/freelance/3895/#i,11,13651,0.08%,5.1
https://paytner.co.jp/paytter/freelance/1573/,11,12388,0.09%,6.81
https://paytner.co.jp/paytter/factoring/10846/,11,5523,0.2%,9.54
https://paytner.co.jp/posts/Bgot_Ymc,11,2349,0.47%,4.79
https://paytner.co.jp/paytter/factoring/10815/,11,2207,0.5%,25.85
https://paytner.co.jp/paytter/freelance/4017/,11,2106,0.52%,27.62
https://paytner.co.jp/paytter/user-voice/405/,11,1286,0.86%,35.66
https://corp.paytner.co.jp/recruit/faq,11,634,1.74%,2.97
https://paytner.co.jp/members/sakai-hiroki,11,339,3.24%,4.51
https://paytner.co.jp/members/fukuda-shigeyuki,11,26,42.31%,2.12
https://paytner.co.jp/paytter/freelance/5526/#i,10,9383,0.11%,5.84
https://paytner.co.jp/paytter/factoring/4567/,10,4731,0.21%,38
https://paytner.co.jp/paytter/category/service/,10,3600,0.28%,5.96
https://paytner.co.jp/invoice/billmag/electricbookpreservationlaw-paperworkregulations/,10,1830,0.55%,26.8
https://paytner.co.jp/invoice/customer,10,452,2.21%,6.37
https://paytner.co.jp/paytter/member-voice/948/,10,94,10.64%,5.03
https://paytner.co.jp/paytter/freelance/12277/#i-2,9,20120,0.04%,5.01
https://paytner.co.jp/paytter/freelance/10911/,9,14536,0.06%,20.38
https://paytner.co.jp/column,9,4421,0.2%,3.93
https://paytner.co.jp/case,9,3903,0.23%,4.2
https://paytner.co.jp/paytter/freelance/6015/,9,3476,0.26%,18.26
https://paytner.co.jp/paytter/freelance/6648/,9,2558,0.35%,6.8
https://corp.paytner.co.jp/policy,9,2189,0.41%,3.96
https://paytner.co.jp/paytter/freelance/2772/,9,1891,0.48%,16.67
https://paytner.co.jp/paytter/category/member-voice/,9,366,2.46%,6.84
https://corp.paytner.co.jp/recruit/workstyle,9,239,3.77%,4.38
https://paytner.co.jp/paytter/member-voice/676/,9,149,6.04%,17.48
https://paytner.co.jp/paytter/member-voice/2158/,9,72,12.5%,4.76
https://paytner.co.jp/paytter/member-voice/1061/,9,71,12.68%,4
https://paytner.co.jp/paytter/member-voice/414/,9,60,15%,5.72
https://paytner.co.jp/paytter/tag/契約書/,9,31,29.03%,3.03
https://paytner.co.jp/paytter/freelance/2893/#i-2,8,158964,0.01%,5.81
https://paytner.co.jp/paytter/freelance/12447/#i,8,9119,0.09%,4.08
https://paytner.co.jp/paytter/freelance/6736/,8,5246,0.15%,7.41
https://paytner.co.jp/lp/lp-h,8,1520,0.53%,10.85
https://paytner.co.jp/paytter/freelance/5811/,8,820,0.98%,21.84
https://corp.paytner.co.jp/recruit/values,8,330,2.42%,2.6
https://paytner.co.jp/posts/column-0023,8,236,3.39%,9.9
https://paytner.co.jp/paytter/member-voice/1403/,8,127,6.3%,13.02
https://paytner.co.jp/paytter/user-voice/9352/,8,72,11.11%,7.51
https://paytner.co.jp/paytter/member-voice/7208/,8,68,11.76%,7.01
https://paytner.co.jp/paytter/freelance/5017/#300,7,45791,0.02%,6.98
https://paytner.co.jp/paytter/freelance/2417/#103,7,9840,0.07%,7.01
https://paytner.co.jp/paytter/freelance/3861/#i-3,7,8018,0.09%,4.67
https://paytner.co.jp/paytter/freelance/2951/,7,4927,0.14%,19.87
https://paytner.co.jp/paytter/freelance/1506/,7,4298,0.16%,12.94
https://paytner.co.jp/paytter/freelance/10590/,7,3667,0.19%,21.1
https://paytner.co.jp/paytter/freelance/5732/,7,2610,0.27%,15.41
https://paytner.co.jp/tags/factoring-receipt,7,2388,0.29%,5.17
https://paytner.co.jp/paytter/freelance/5316/,7,1162,0.6%,29.89
https://paytner.co.jp/paytter/user-voice/58/,7,242,2.89%,8.64
https://paytner.co.jp/posts/column-0010,7,191,3.66%,20.19
https://paytner.co.jp/paytter/tag/確定申告/,7,118,5.93%,3.97
https://paytner.co.jp/paytter/tag/3者間ファクタリング/,7,41,17.07%,4.02
https://paytner.co.jp/paytter/freelance/12473/#i,6,10951,0.05%,6.7
https://paytner.co.jp/paytter/freelance/6496/#i,6,8159,0.07%,6.21
https://paytner.co.jp/paytter/freelance/3861/#i,6,5793,0.1%,4.72
https://paytner.co.jp/paytter/freelance/4211/,6,3540,0.17%,12.51
https://paytner.co.jp/paytter/factoring/5486/,6,3019,0.2%,17.61
https://paytner.co.jp/invoice/billmag/invoice-received-how-to-administrate/,6,998,0.6%,49.29
https://paytner.co.jp/invoice/billmag/billbill/,6,923,0.65%,12.82
https://paytner.co.jp/paytter/service/10870/,6,339,1.77%,12.01
https://paytner.co.jp/paytter/member-voice/26/,6,192,3.12%,5.9
https://paytner.co.jp/members/9ZBURli2,6,26,23.08%,3.15
https://paytner.co.jp/paytter/freelance/12277/#i-5,5,20282,0.02%,5.01
https://paytner.co.jp/paytter/freelance/12277/#i,5,12561,0.04%,5.36
https://paytner.co.jp/paytter/freelance/12447/#i-9,5,9759,0.05%,4.12
https://paytner.co.jp/invoice/billmag/invoice-envelope/,5,2721,0.18%,21.71
https://paytner.co.jp/paytter/freelance/5614/,5,2465,0.2%,24.79
https://paytner.co.jp/paytter/factoring/2576/,5,1858,0.27%,39.81
https://paytner.co.jp/paytter/freelance/4393/,5,1450,0.34%,17.29
https://paytner.co.jp/invoice/billmag/invoice-raw/,5,1300,0.38%,21.36
https://paytner.co.jp/paytter/service/9885/,5,886,0.56%,22.26
https://paytner.co.jp/paytter/freelance/10069/,5,833,0.6%,28.86
https://paytner.co.jp/paytter/member-voice/1451/,5,405,1.23%,9.96
https://paytner.co.jp/invoice/billmag/interview-07/,5,398,1.26%,8.91
https://paytner.co.jp/paytter/member-voice/2775/,5,232,2.16%,8.95
https://paytner.co.jp/paytter/member-voice/692/,5,203,2.46%,7.03
https://paytner.co.jp/paytter/member-voice/716/,5,103,4.85%,30.55
https://paytner.co.jp/paytter/member-voice/492/,5,86,5.81%,8.5
https://paytner.co.jp/paytter/member-voice/1352/,5,65,7.69%,13.43
https://paytner.co.jp/members/nakamura-taisuke,5,28,17.86%,4.75
https://paytner.co.jp/paytter/freelance/2893/#i-6,4,210023,0%,6.26
https://paytner.co.jp/paytter/freelance/5996/#i-6,4,11832,0.03%,7.75
https://paytner.co.jp/invoice/billmag/taxreturn-invoice-reserve/,4,11708,0.03%,14.44
https://paytner.co.jp/paytter/freelance/12473/#i-2,4,11205,0.04%,6.71
https://paytner.co.jp/paytter/freelance/4484/#i,4,9896,0.04%,6.56
https://paytner.co.jp/invoice/guarantee,4,8463,0.05%,3.9
https://paytner.co.jp/paytter/freelance/4825/,4,7821,0.05%,4.55
https://paytner.co.jp/paytter/freelance/5252/#i,4,7250,0.06%,4.89
https://paytner.co.jp/paytter/factoring/10209/#i,4,5629,0.07%,3.26
https://paytner.co.jp/paytter/freelance/2354/,4,3458,0.12%,30.41
https://paytner.co.jp/paytter/freelance/3195/,4,3204,0.12%,19.77
https://paytner.co.jp/invoice/billmag/invoice-signature/,4,2456,0.16%,41.34
https://corp.paytner.co.jp/message,4,2239,0.18%,5.95
https://paytner.co.jp/paytter/freelance/9744/,4,1608,0.25%,19.45
https://paytner.co.jp/paytter/freelance/4317/,4,1489,0.27%,23.92
https://paytner.co.jp/paytter/factoring-text/,4,979,0.41%,10.49
https://paytner.co.jp/paytter/freelance/4810/,4,724,0.55%,19.12
https://paytner.co.jp/invoice/billmag/interview-12/,4,346,1.16%,7.68
https://paytner.co.jp/paytter/user-voice/60/,4,327,1.22%,35.98
https://paytner.co.jp/paytter/user-voice/9494/,4,326,1.23%,36.01
https://paytner.co.jp/invoice/billmag/interview-02/,4,161,2.48%,10.74
https://paytner.co.jp/invoice/billmag/interview-01_page_form/,4,109,3.67%,11.29
https://paytner.co.jp/paytter/tag/債権譲渡/,4,87,4.6%,6.15
https://paytner.co.jp/paytter/member-voice/1645/,4,72,5.56%,17.68
https://paytner.co.jp/paytter/tag/業務委託契約書/,4,55,7.27%,17.4
https://paytner.co.jp/paytter/member-voice/834/,4,54,7.41%,6.33
https://paytner.co.jp/paytter/tag/rbf/,4,48,8.33%,42.38
https://paytner.co.jp/paytter/tag/発注書/,4,27,14.81%,2.52
https://paytner.co.jp/paytter/member-voice/1280/,4,22,18.18%,6.59
https://paytner.co.jp/paytter/freelance/2893/#1000650,3,92312,0%,7.07
https://paytner.co.jp/paytter/freelance/7885/#i-4,3,22350,0.01%,7.27
https://paytner.co.jp/paytter/freelance/11433/#600,3,17148,0.02%,5.77
https://paytner.co.jp/paytter/freelance/5717/#i,3,16983,0.02%,5.75
https://paytner.co.jp/paytter/freelance/3159/#i,3,16421,0.02%,7.44
https://paytner.co.jp/paytter/freelance/5717/#i-6,3,14846,0.02%,5.84
https://paytner.co.jp/paytter/freelance/4332/#i-13,3,13254,0.02%,5.34
https://paytner.co.jp/paytter/freelance/4332/#i-5,3,13089,0.02%,5.23
https://paytner.co.jp/paytter/freelance/4332/#i,3,11946,0.03%,5.53
https://paytner.co.jp/paytter/freelance/11479/#800,3,10417,0.03%,6.5
https://paytner.co.jp/invoice/taxpartner,3,9682,0.03%,3.9
https://paytner.co.jp/paytter/freelance/3861/#i-10,3,8364,0.04%,4.69
https://paytner.co.jp/paytter/freelance/4304/#30,3,7893,0.04%,5.32
https://paytner.co.jp/paytter/freelance/8727/#i-5,3,7091,0.04%,7.39
https://paytner.co.jp/paytter/freelance/6116/#i,3,5939,0.05%,4.12
https://paytner.co.jp/paytter/freelance/6496/#i-4,3,5437,0.06%,6.36
https://paytner.co.jp/paytter/freelance/9740/#i,3,4181,0.07%,4.94
https://paytner.co.jp/paytter/freelance/4925/,3,3292,0.09%,18.7
https://paytner.co.jp/paytter/factoring/5145/,3,2686,0.11%,25.78
https://paytner.co.jp/paytter/freelance/10538/,3,2585,0.12%,9.66
https://paytner.co.jp/invoice/billmag/electronic-invoice-disadvantages/,3,1033,0.29%,26.68
https://paytner.co.jp/paytter/freelance/2546/,3,984,0.3%,21.65
https://paytner.co.jp/paytter/freelance/8276/#i,3,974,0.31%,5.16
https://paytner.co.jp/invoice/billmag/efficient-e-invoicing/,3,776,0.39%,24.41
https://paytner.co.jp/paytter/service/11731/#i-4,3,724,0.41%,3.91
https://paytner.co.jp/paytter/user-voice/9567/,3,429,0.7%,22.26
https://paytner.co.jp/paytter/tag/factoring/,3,301,1%,60.19
https://paytner.co.jp/paytter/freelance/749/,3,298,1.01%,13.3
https://paytner.co.jp/paytter/user-voice/601/,3,283,1.06%,14.44
https://paytner.co.jp/paytter/category/user-voice/,3,258,1.16%,5.02
https://paytner.co.jp/paytter/user-voice/880/,3,167,1.8%,10.43
https://paytner.co.jp/paytter/member-voice/5969/,3,135,2.22%,7.19
https://paytner.co.jp/paytter/tag/カードローン/,3,107,2.8%,66.24
https://paytner.co.jp/invoice/billmag/interview-17/,3,75,4%,6.56
https://paytner.co.jp/paytter/member-voice/1664/,3,72,4.17%,8.61
https://paytner.co.jp/paytter/tag/借入/,3,61,4.92%,9.07
https://paytner.co.jp/paytter/member-voice/3346/,3,49,6.12%,6.65
https://paytner.co.jp/paytter/tag/invoice/,3,42,7.14%,14.17
https://paytner.co.jp/invoice/billmag/tag/手渡し/,3,28,10.71%,25.96
https://paytner.co.jp/paytter/member-voice/2139/,3,26,11.54%,11.73
https://paytner.co.jp/paytter/member-voice/803/,3,20,15%,5.45
https://paytner.co.jp/paytter/freelance/2893/#300220,2,44603,0%,8.22
https://paytner.co.jp/paytter/freelance/5717/#100,2,17120,0.01%,5.77
https://paytner.co.jp/paytter/freelance/7885/#i-3,2,14057,0.01%,7.44
https://paytner.co.jp/paytter/freelance/3159/#i-6,2,13525,0.01%,7.41
https://paytner.co.jp/invoice/billmag/conveniencestore-invoice/#i,2,11053,0.02%,5.94
https://paytner.co.jp/paytter/freelance/5398/#i-12,2,10385,0.02%,6.93
https://paytner.co.jp/paytter/freelance/4484/#i-5,2,10262,0.02%,6.57
https://paytner.co.jp/paytter/freelance/5091/#i-4,2,9994,0.02%,6.43
https://paytner.co.jp/paytter/freelance/5996/#i-3,2,9847,0.02%,7.79
https://paytner.co.jp/paytter/freelance/4304/#30-2,2,8960,0.02%,5.23
https://paytner.co.jp/paytter/freelance/4494/#i-10,2,8604,0.02%,6.1
https://paytner.co.jp/paytter/freelance/3853/#i-4,2,8603,0.02%,7.26
https://paytner.co.jp/paytter/freelance/9757/#i-4,2,8256,0.02%,6.19
https://paytner.co.jp/paytter/freelance/9757/#i,2,8045,0.02%,6.19
https://paytner.co.jp/paytter/freelance/12447/#i-5,2,8035,0.02%,4.09
https://paytner.co.jp/paytter/freelance/5526/#i-5,2,7443,0.03%,5.92
https://paytner.co.jp/paytter/freelance/6487/#i,2,6686,0.03%,5.76
https://paytner.co.jp/paytter/freelance/6469/#i,2,6248,0.03%,6.42
https://paytner.co.jp/paytter/freelance/6116/#i-4,2,5939,0.03%,4.12
https://paytner.co.jp/paytter/freelance/12029/#i-11,2,5828,0.03%,4.33
https://paytner.co.jp/paytter/freelance/12286/#_or,2,5534,0.04%,5.49
https://paytner.co.jp/paytter/freelance/6487/#i-2,2,4974,0.04%,6.02
https://paytner.co.jp/paytter/freelance/12029/#i-3,2,4200,0.05%,4.38
https://paytner.co.jp/paytter/service/11683/#i-2,2,3914,0.05%,2.99
https://paytner.co.jp/paytter/freelance/4517/#i-3,2,3795,0.05%,5.48
https://paytner.co.jp/invoice/billmag/inovice-inperson/#i-6,2,3529,0.06%,6.84
https://paytner.co.jp/paytter/kakuteishinkoku-text/,2,3185,0.06%,1.2
https://paytner.co.jp/paytter/freelance/7399/#i-10,2,2853,0.07%,5.25
https://paytner.co.jp/paytter/freelance/7399/#i-2,2,2666,0.08%,5.22
https://paytner.co.jp/paytter/freelance/6157/#i,2,1910,0.1%,4.86
https://paytner.co.jp/paytter/freelance/5497/,2,1062,0.19%,41.17
https://paytner.co.jp/paytter/paytnerinfo/,2,1061,0.19%,6.63
https://paytner.co.jp/paytter/freelance/10142/,2,1059,0.19%,14.87
https://paytner.co.jp/invoice/billmag/timestamp-necessary/,2,866,0.23%,50.31
https://paytner.co.jp/paytter/freelance/2157/#i,2,568,0.35%,3.28
https://paytner.co.jp/paytter/category/factoring/,2,405,0.49%,51.06
https://paytner.co.jp/invoice/billmag/interview-01/,2,343,0.58%,41.2
https://paytner.co.jp/paytter/tag/確定申告のよくある質問/,2,324,0.62%,1.61
https://paytner.co.jp/paytter/engineer_interview_kotei/,2,249,0.8%,7.82
https://paytner.co.jp/invoice/billmag/interview-08/,2,242,0.83%,8.11
https://paytner.co.jp/paytter/user-voice/554/,2,241,0.83%,15.05
https://paytner.co.jp/invoice/billmag/interview-06/,2,179,1.12%,6.85
https://paytner.co.jp/paytter/tag/ペイトナーカード/,2,169,1.18%,19.05
https://paytner.co.jp/posts/lECnhfIU,2,137,1.46%,6.61
https://paytner.co.jp/invoice/billmag/interview-05/,2,131,1.53%,9.08
https://paytner.co.jp/paytter/user-voice/990/,2,126,1.59%,8.85
https://paytner.co.jp/invoice/billmag/interview-13/,2,92,2.17%,8.03
https://paytner.co.jp/paytter/tag/クレジットカード/,2,85,2.35%,35.73
https://paytner.co.jp/paytter/tag/仕訳/,2,68,2.94%,5.76
https://paytner.co.jp/paytter/tag/公式line/,2,59,3.39%,6.02
https://paytner.co.jp/paytter/tag/請求書/,2,59,3.39%,31.24
https://paytner.co.jp/paytter/tag/2者間ファクタリング/,2,52,3.85%,6.87
https://paytner.co.jp/paytter/member-voice/9734/,2,52,3.85%,9.83
https://paytner.co.jp/paytter/tag/広告運用/,2,38,5.26%,6.42
https://paytner.co.jp/paytter/tag/csチーム/,2,17,11.76%,5.24
https://paytner.co.jp/invoice/billmag/tag/フリーランス向け/,2,17,11.76%,15.65
https://paytner.co.jp/paytter/tag/開業届/,2,16,12.5%,3.88
https://paytner.co.jp/invoice/billmag/2022/10/,2,15,13.33%,8.53
https://paytner.co.jp/paytter/tag/insurance/,2,13,15.38%,5.92
https://paytner.co.jp/paytter/tag/生活/,2,3,66.67%,2
https://paytner.co.jp/paytter/freelance/2893/#i-4,1,115895,0%,5.86
https://paytner.co.jp/paytter/freelance/5017/#300-2,1,46422,0%,6.95
https://paytner.co.jp/paytter/freelance/3865/#i,1,19247,0.01%,5.73
https://paytner.co.jp/paytter/freelance/3159/#i-18,1,17189,0.01%,7.44
https://paytner.co.jp/paytter/freelance/11433/#600-2,1,17188,0.01%,5.77
https://paytner.co.jp/paytter/freelance/3865/#i-11,1,16085,0.01%,5.77
https://paytner.co.jp/paytter/freelance/2893/#250185,1,15503,0.01%,7.98
https://paytner.co.jp/paytter/freelance/3865/#i-7,1,14874,0.01%,5.81
https://paytner.co.jp/paytter/freelance/7885/#i-5,1,14424,0.01%,7.59
https://paytner.co.jp/paytter/freelance/11433/#i-2,1,14105,0.01%,5.88
https://paytner.co.jp/paytter/freelance/3159/#i-9,1,13755,0.01%,7.42
https://paytner.co.jp/paytter/freelance/12277/#i-6,1,13171,0.01%,5.35
https://paytner.co.jp/paytter/freelance/3895/#i-11,1,12915,0.01%,5.23
https://paytner.co.jp/paytter/freelance/7099/#i-7,1,12499,0.01%,6.12
https://paytner.co.jp/paytter/freelance/11479/#800-4,1,12101,0.01%,6.41
https://paytner.co.jp/paytter/freelance/4332/#i-8,1,12032,0.01%,5
https://paytner.co.jp/paytter/freelance/3895/#i-4,1,11455,0.01%,5.19
https://paytner.co.jp/paytter/freelance/11652/#i,1,11382,0.01%,6.98
https://paytner.co.jp/paytter/freelance/5398/#i,1,11270,0.01%,6.88
https://paytner.co.jp/paytter/freelance/2196/#i,1,10740,0.01%,6.71
https://paytner.co.jp/paytter/freelance/5398/#5,1,10604,0.01%,6.86
https://paytner.co.jp/invoice/billmag/conveniencestore-invoice/#i-3,1,10567,0.01%,5.9
https://paytner.co.jp/paytter/freelance/4484/#i-8,1,10063,0.01%,6.55
https://paytner.co.jp/paytter/freelance/5091/#i,1,9255,0.01%,6.45
https://paytner.co.jp/invoice/billmag/,1,8725,0.01%,3.96
https://paytner.co.jp/paytter/freelance/6037/#1000-4,1,8541,0.01%,9.09
https://paytner.co.jp/paytter/freelance/5526/#i-12,1,8369,0.01%,5.8
https://paytner.co.jp/paytter/freelance/1491/#i,1,8111,0.01%,4.1
https://paytner.co.jp/paytter/freelance/9757/#i-9,1,8053,0.01%,6.19
https://paytner.co.jp/paytter/freelance/2417/#103-2,1,7967,0.01%,7.01
https://paytner.co.jp/paytter/freelance/5252/#i-5,1,7496,0.01%,4.87
https://paytner.co.jp/paytter/freelance/6487/#i-5,1,7184,0.01%,5.88
https://paytner.co.jp/paytter/freelance/4033/#i,1,6802,0.01%,6.69
https://paytner.co.jp/paytter/freelance/5526/#i-8,1,6783,0.01%,5.92
https://paytner.co.jp/paytter/freelance/6487/#i-3,1,6715,0.01%,5.75
https://paytner.co.jp/paytter/freelance/7885/#i-10,1,6357,0.02%,7.29
https://paytner.co.jp/paytter/freelance/6469/#1000,1,6182,0.02%,6.49
https://paytner.co.jp/paytter/freelance/8727/#i-9,1,6035,0.02%,7.59
https://paytner.co.jp/paytter/freelance/12197/#Personal_Income_Tax,1,5999,0.02%,5.14
https://paytner.co.jp/paytter/freelance/2366/#2,1,5819,0.02%,5.41
https://paytner.co.jp/paytter/freelance/2196/#i-3,1,5682,0.02%,7.1
https://paytner.co.jp/paytter/freelance/2366/#i,1,5580,0.02%,5.35
https://paytner.co.jp/paytter/freelance/6321/#i-6,1,5524,0.02%,8.4
https://paytner.co.jp/paytter/freelance/12286/#i-16,1,5443,0.02%,5.46
https://paytner.co.jp/paytter/freelance/5462/#i,1,5190,0.02%,6.1
https://paytner.co.jp/paytter/freelance/4952/#1000-2,1,5069,0.02%,5.42
https://paytner.co.jp/paytter/freelance/4952/#1000,1,5034,0.02%,5.43
https://paytner.co.jp/paytter/freelance/11650/#i-6,1,4960,0.02%,7
https://paytner.co.jp/paytter/freelance/12002/#i-11,1,4843,0.02%,8.47
https://paytner.co.jp/paytter/freelance/4934/#i,1,4749,0.02%,6.46
https://paytner.co.jp/paytter/freelance/3975/#i-6,1,4732,0.02%,7.48
https://paytner.co.jp/paytter/freelance/11650/#i,1,4450,0.02%,6.98
https://paytner.co.jp/paytter/freelance/2366/#i-4,1,4404,0.02%,5.62
https://paytner.co.jp/paytter/freelance/4214/#i,1,4379,0.02%,4.68
https://paytner.co.jp/paytter/freelance/4517/#i-5,1,4334,0.02%,4.96
https://paytner.co.jp/paytter/freelance/12029/#i-7,1,4290,0.02%,4.4
https://paytner.co.jp/paytter/freelance/12029/#i-4,1,4225,0.02%,4.38
https://paytner.co.jp/paytter/service/11683/#i,1,4191,0.02%,2.94
https://paytner.co.jp/paytter/freelance/12452/#i-3,1,4171,0.02%,6.59
https://paytner.co.jp/paytter/freelance/12452/#i-26,1,4126,0.02%,6.58
https://paytner.co.jp/paytter/freelance/2196/#i-2,1,4090,0.02%,6.21
https://paytner.co.jp/paytter/service/11683/#i-5,1,3887,0.03%,2.9
https://paytner.co.jp/paytter/freelance/12286/#i,1,3800,0.03%,5.39
https://paytner.co.jp/paytter/service/11683/#i-3,1,3735,0.03%,2.95
https://paytner.co.jp/paytter/freelance/6241/#i-5,1,3572,0.03%,6.44
https://paytner.co.jp/invoice/billmag/inovice-inperson/#i,1,3527,0.03%,6.84
https://paytner.co.jp/paytter/freelance/4517/#i,1,3495,0.03%,5.42
https://paytner.co.jp/invoice/billmag/inovice-inperson/#i-3,1,3456,0.03%,6.85
https://paytner.co.jp/paytter/hojokin-joseikin-text/,1,3433,0.03%,1.6
https://paytner.co.jp/paytter/freelance/4214/#i-5,1,3379,0.03%,4.55
https://paytner.co.jp/paytter/freelance/1491/#i-2,1,3183,0.03%,3.53
https://paytner.co.jp/paytter/freelance/4251/#i-3,1,3054,0.03%,4.8
https://paytner.co.jp/paytter/factoring/5127/,1,2889,0.03%,28.29
https://paytner.co.jp/paytter/freelance/12155/#i,1,2832,0.04%,7.86
https://paytner.co.jp/paytter/freelance/12155/#i-8,1,2810,0.04%,7.83
https://paytner.co.jp/paytter/freelance/12118/#i-3,1,2637,0.04%,5.5
https://paytner.co.jp/paytter/freelance/10580/#i-7,1,2558,0.04%,8.33
https://paytner.co.jp/invoice/billmag/invoice-mistake/#i-2,1,2413,0.04%,7.64
https://paytner.co.jp/paytter/freelance/4040/#i,1,2370,0.04%,6.87
https://paytner.co.jp/paytter/freelance/5794/#i,1,2297,0.04%,6.79
https://paytner.co.jp/invoice/billmag/invoice-mistake/#i-12,1,2234,0.04%,7.69
https://paytner.co.jp/paytter/freelance/10632/#i-4,1,2219,0.05%,7.36
https://paytner.co.jp/invoice/billmag/invoice-mistake/#i-7,1,2189,0.05%,7.63
https://paytner.co.jp/paytter/freelance/5997/#i-7,1,2145,0.05%,7.08
https://paytner.co.jp/paytter/freelance/6272/#i-4,1,2132,0.05%,3.3
https://paytner.co.jp/paytter/freelance/10460/#i,1,2078,0.05%,7.32
https://paytner.co.jp/paytter/freelance/7399/#i-3,1,2009,0.05%,5.6
https://paytner.co.jp/paytter/freelance/12345/#i-6,1,1888,0.05%,8.3
https://paytner.co.jp/invoice/billmag/degitalization/,1,1871,0.05%,41.34
https://paytner.co.jp/paytter/freelance/6836/#i,1,1768,0.06%,9.23
https://paytner.co.jp/paytter/freelance/2400/#i,1,1715,0.06%,7.14
https://paytner.co.jp/paytter/freelance/4040/#i-4,1,1504,0.07%,7.23
https://paytner.co.jp/paytter/freelance/8869/#i,1,1496,0.07%,7.37
https://paytner.co.jp/paytter/freelance/11122/#iDeCo2,1,1449,0.07%,9.32
https://paytner.co.jp/paytter/freelance/12345/#3,1,1439,0.07%,8.04
https://paytner.co.jp/paytter/factoring/2375/#i,1,1339,0.07%,9.16
https://paytner.co.jp/paytter/freelance/9139/#i,1,1337,0.07%,7.5
https://paytner.co.jp/paytter/tax-text/,1,1183,0.08%,1.22
https://paytner.co.jp/paytter/freelance/8068/#i,1,972,0.1%,4.57
https://paytner.co.jp/paytter/freelance/9139/#i-10,1,962,0.1%,7.54
https://paytner.co.jp/invoice/billmag/2022-1-electronic-book-preservation-law/,1,960,0.1%,55.83
https://paytner.co.jp/paytter/freelance/8090/#i-6,1,931,0.11%,5.65
https://paytner.co.jp/paytter/freelance/2284/#i,1,918,0.11%,6.03
https://paytner.co.jp/paytter/freelance/4422/,1,883,0.11%,35.86
https://paytner.co.jp/paytter/freelance/3998/,1,859,0.12%,19.56
https://paytner.co.jp/paytter/freelance/8103/#i,1,835,0.12%,5.87
https://paytner.co.jp/paytter/freelance/10954/#i,1,688,0.15%,6.25
https://paytner.co.jp/paytter/freelance/5646/#Web-3,1,678,0.15%,7.73
https://corp.paytner.co.jp/security,1,625,0.16%,1.3
https://paytner.co.jp/paytter/service/12085/#i,1,474,0.21%,3.95
https://paytner.co.jp/paytter/freelance/8576/#i-14,1,433,0.23%,9.29
https://paytner.co.jp/paytter/freelance/4009/#i,1,419,0.24%,7.74
https://paytner.co.jp/paytter/freelance/6477/#i-4,1,406,0.25%,6.99
https://paytner.co.jp/paytter/tag/税務署/,1,375,0.27%,1
https://paytner.co.jp/paytter/member-voice/1000/,1,357,0.28%,25.4
https://paytner.co.jp/invoice/billmag/invoice-prescription/#i,1,345,0.29%,8.57
https://paytner.co.jp/invoice/billmag/tag/請求書/,1,313,0.32%,3.24
https://paytner.co.jp/invoice/billmag/interview-14/,1,275,0.36%,10.82
https://paytner.co.jp/paytter/freelance/7931/#i-3,1,244,0.41%,6.88
https://paytner.co.jp/invoice/bank,1,206,0.49%,7.65
https://paytner.co.jp/paytter/tag/年末調整/,1,192,0.52%,2.61
https://paytner.co.jp/lp/building-industry,1,171,0.58%,8.77
https://paytner.co.jp/paytter/tag/tax/,1,169,0.59%,1.23
https://paytner.co.jp/link,1,152,0.66%,43.11
https://paytner.co.jp/paytter/tag/雑所得/,1,150,0.67%,3.49
https://corp.paytner.co.jp/userdata-external-transmission,1,150,0.67%,7.95
https://paytner.co.jp/lp/lp-g-f,1,142,0.7%,21.68
https://paytner.co.jp/invoice/billmag/interview-10/,1,137,0.73%,32.22
https://corp.paytner.co.jp/factoring/policy,1,133,0.75%,7.13
https://paytner.co.jp/invoice/billmag/interview-03/,1,132,0.76%,6.83
https://paytner.co.jp/paytter/user-voice/1112/,1,128,0.78%,45.62
https://paytner.co.jp/paytter/member-voice/4877/,1,124,0.81%,24.9
https://paytner.co.jp/paytter/designer_interview_kotei/,1,123,0.81%,12.2
https://paytner.co.jp/invoice/billmag/interview-15/,1,102,0.98%,8.99
https://paytner.co.jp/column/,1,90,1.11%,9.3
https://paytner.co.jp/paytter/tag/ペイトナー-ファクタリング/,1,86,1.16%,16.28
https://paytner.co.jp/paytter/tag/領収書/,1,70,1.43%,57.7
https://paytner.co.jp/paytter/tag/会社員/,1,45,2.22%,2.04
https://paytner.co.jp/paytter/tag/確定申告の基礎/,1,45,2.22%,5.91
https://paytner.co.jp/paytter/tag/確定申告と年末調整/,1,37,2.7%,5.35
https://paytner.co.jp/invoice/billmag/interview-11/,1,37,2.7%,6.73
https://paytner.co.jp/paytter/tag/引越し/,1,32,3.12%,3.31
https://paytner.co.jp/invoice/billmag/billbill-seminar/,1,30,3.33%,9.37
https://paytner.co.jp/paytter/tag/創業秘話/,1,25,4%,5.52
https://paytner.co.jp/paytter/date/2022/09/,1,25,4%,7.96
https://paytner.co.jp/invoice/billmag/category/interview/,1,23,4.35%,9.52
https://paytner.co.jp/paytter/tag/廃業/?ldtag_cl=KoFS8m2_Qj23WGWLhdzBwwAA_oa,1,15,6.67%,12.73
https://paytner.co.jp/card?fbclid=IwAR16Nk-B9n9Z5p5UdpM7pXeq4G7i_O-Ff4IotodrDk61zCtjyR-tyqjmgX0,1,14,7.14%,4.5
https://paytner.co.jp/paytter/tag/見積書/,1,11,9.09%,22.45
https://paytner.co.jp/paytter/tag/サラリーマン/,1,9,11.11%,3.67
https://paytner.co.jp/invoice/billmag/howto-invoice/?fbclid=IwAR0vyUEnR4-6Du6NVjbdHIJ0bHqqtC79rPF75zX552PhpHJgHXAZgxt0-0I,1,9,11.11%,44.11
https://paytner.co.jp/paytter/tag/手形割引/,1,8,12.5%,2.12
https://paytner.co.jp/paytter/member-voice/4877/?ldtag_cl=KoFS8m2_Qj23WGWLhdzBwwAA_oa,1,8,12.5%,32.75
https://paytner.co.jp/paytter/tag/資金調達/,1,8,12.5%,34.12
https://paytner.co.jp/invoice/billmag/tag/電子帳簿保存法/,1,8,12.5%,36
https://paytner.co.jp/paytter/tag/engineer/,1,7,14.29%,13
https://paytner.co.jp/paytter/tag/スウェーデン/,1,7,14.29%,16
https://paytner.co.jp/invoice/billmag/howto-invoice/?uid=leg-6170f5d63b2008abd9b493be32f0cd48,1,7,14.29%,18.71
https://paytner.co.jp/paytter/member-voice/4877/?fbclid=IwAR30XWyt7QdgDASrg18nkainBdXY4lOHj5jsRBaj5wDtyXXbiIA5fT5KD_s,1,5,20%,13.4
https://paytner.co.jp/paytter/tag/控除/,1,4,25%,1
https://paytner.co.jp/invoice/billmag/tag/pickup/?uid=leg-2e23af24e34ea0e359a0d850e0b71bdc,1,4,25%,4
https://paytner.co.jp/invoice/billmag/tag/経理/,1,4,25%,6
https://paytner.co.jp/paytter/member-voice/4877/?fbclid=IwAR2tLslj-ygTyBpoUNuGzV-vFXnpE7xByjLCnGeT--VVgknlZc2sadeVO_g,1,4,25%,12
https://paytner.co.jp/paytter/tag/源泉徴収/,1,3,33.33%,1.33
https://paytner.co.jp/paytter/tag/還付金/,1,3,33.33%,10
https://paytner.co.jp/paytter/tag/シミュレーション/,1,2,50%,1
https://paytner.co.jp/factoring/app/users/sign_up?kv,1,1,100%,1
https://paytner.co.jp/paytter/user-voice/9352/?fbclid=IwAR16Nk-B9n9Z5p5UdpM7pXeq4G7i_O-Ff4IotodrDk61zCtjyR-tyqjmgX0,1,1,100%,1
https://paytner.co.jp/paytter/freelance/2893/#900600,0,192459,0%,6.59
https://paytner.co.jp/paytter/freelance/2893/#600420,0,162126,0%,6.65
https://paytner.co.jp/paytter/freelance/2893/#i-5,0,102053,0%,5.66
https://paytner.co.jp/paytter/freelance/2893/#800530,0,88074,0%,7.51
https://paytner.co.jp/paytter/freelance/2893/#400290,0,54004,0%,7.58
https://paytner.co.jp/paytter/freelance/5017/#i-3,0,41481,0%,6.92
https://paytner.co.jp/paytter/freelance/5017/#i-9,0,40840,0%,6.95
https://paytner.co.jp/paytter/freelance/5017/#i-13,0,40762,0%,6.95
https://paytner.co.jp/paytter/freelance/2893/#500360,0,35235,0%,7.85
https://paytner.co.jp/paytter/freelance/2893/#700470,0,22005,0%,7.96
https://paytner.co.jp/paytter/freelance/7885/#i,0,19937,0%,7.33
https://paytner.co.jp/paytter/freelance/7885/#i-9,0,17551,0%,7.23
https://paytner.co.jp/paytter/freelance/7885/#i-6,0,17312,0%,7.22
https://paytner.co.jp/paytter/freelance/3865/#i-14,0,17019,0%,5.69
https://paytner.co.jp/paytter/freelance/3865/#i-8,0,14990,0%,5.94
https://paytner.co.jp/paytter/freelance/5717/#i-12,0,14779,0%,5.82
https://paytner.co.jp/paytter/freelance/3159/#i-13,0,14103,0%,7.4
https://paytner.co.jp/paytter/freelance/11433/#i-8,0,14067,0%,5.87
https://paytner.co.jp/paytter/freelance/11433/#i-15,0,14056,0%,5.87
https://paytner.co.jp/paytter/freelance/11652/#i-15,0,13824,0%,6.98
https://paytner.co.jp/paytter/freelance/10396/#202420,0,13779,0%,6.42
https://paytner.co.jp/paytter/freelance/10396/#i-20,0,12845,0%,6.27
https://paytner.co.jp/paytter/freelance/7099/#i,0,12624,0%,6.14
https://paytner.co.jp/paytter/freelance/11652/#i-6,0,12619,0%,7.01
https://paytner.co.jp/paytter/freelance/7099/#2025,0,12581,0%,6.14
https://paytner.co.jp/paytter/freelance/3895/#i-7,0,11970,0%,5.26
https://paytner.co.jp/paytter/freelance/11479/#800-3,0,11774,0%,6.54
https://paytner.co.jp/paytter/freelance/2768/#i,0,11561,0%,6.17
https://paytner.co.jp/paytter/freelance/11652/#i-9,0,11433,0%,6.98
https://paytner.co.jp/paytter/freelance/5398/#i-3,0,11263,0%,6.87
https://paytner.co.jp/paytter/freelance/2768/#i-3,0,11072,0%,6.11
https://paytner.co.jp/paytter/freelance/10396/#i-26,0,11067,0%,6.5
https://paytner.co.jp/paytter/freelance/2893/#i-3,0,11021,0%,6.64
https://paytner.co.jp/paytter/freelance/7885/#i-8,0,10897,0%,7.12
https://paytner.co.jp/paytter/freelance/7099/#i-8,0,10876,0%,6.12
https://paytner.co.jp/paytter/freelance/4915/#i-13,0,10703,0%,5.32
https://paytner.co.jp/paytter/freelance/2196/#i-6,0,10685,0%,6.71
https://paytner.co.jp/paytter/freelance/4367/#i,0,10539,0%,7.69
https://paytner.co.jp/paytter/freelance/11652/#i-14,0,10464,0%,7.03
https://paytner.co.jp/paytter/freelance/4367/#i-6,0,10413,0%,7.67
https://paytner.co.jp/paytter/freelance/2768/#i-13,0,10222,0%,6.32
https://paytner.co.jp/paytter/freelance/5996/#i-5,0,10216,0%,7.68
https://paytner.co.jp/paytter/freelance/10396/#3,0,10210,0%,6.32
https://paytner.co.jp/paytter/freelance/10396/#i-25,0,10200,0%,6.33
https://paytner.co.jp/paytter/freelance/5996/#i-14,0,10179,0%,7.68
https://paytner.co.jp/paytter/freelance/4915/#i-9,0,10174,0%,5.21
https://paytner.co.jp/paytter/freelance/5398/#5-2,0,10168,0%,6.84
https://paytner.co.jp/paytter/freelance/3878/#i,0,9956,0%,5.23
https://paytner.co.jp/paytter/freelance/3878/#i-4,0,9956,0%,5.23
https://paytner.co.jp/paytter/freelance/9757/#i-12,0,9930,0%,6.22
https://paytner.co.jp/paytter/freelance/12473/#i-7,0,9856,0%,6.87
https://paytner.co.jp/paytter/freelance/9757/#i-21,0,9704,0%,6.2
https://paytner.co.jp/paytter/freelance/11479/#6,0,9668,0%,6.66
https://paytner.co.jp/paytter/freelance/11479/#i-15,0,9659,0%,6.66
https://paytner.co.jp/paytter/freelance/12473/#i-13,0,9552,0%,6.85
https://paytner.co.jp/paytter/freelance/4367/#i-9,0,9508,0%,7.72
https://paytner.co.jp/invoice/billmag/conveniencestore-invoice/#ATM,0,9444,0%,6.02
https://paytner.co.jp/paytter/freelance/12473/#125,0,9441,0%,6.76
https://paytner.co.jp/paytter/freelance/2196/#i-10,0,9154,0%,6.35
https://paytner.co.jp/paytter/freelance/3853/#i,0,9116,0%,7.27
https://paytner.co.jp/paytter/freelance/2768/#8230,0,9109,0%,6.1
https://paytner.co.jp/paytter/freelance/4915/#i,0,9090,0%,5.65
https://paytner.co.jp/paytter/freelance/4915/#i-4,0,9050,0%,5.65
https://paytner.co.jp/invoice/billmag/conveniencestore-invoice/#i-4,0,9031,0%,5.96
https://paytner.co.jp/invoice/billmag/conveniencestore-invoice/#i-7,0,8998,0%,5.97
https://paytner.co.jp/paytter/freelance/2768/#i-10,0,8895,0%,6.16
https://paytner.co.jp/paytter/freelance/6037/#1000-6,0,8775,0%,9.09
https://paytner.co.jp/paytter/freelance/4494/#i-3,0,8765,0%,6.16
https://paytner.co.jp/paytter/freelance/4367/#i-4,0,8626,0%,7.53
https://paytner.co.jp/paytter/freelance/4304/#30-3,0,8606,0%,5.19
https://paytner.co.jp/paytter/freelance/12447/#i-18,0,8579,0%,4.12
https://paytner.co.jp/paytter/freelance/6496/#i-11,0,8508,0%,6.28
https://paytner.co.jp/paytter/freelance/4915/#i-7,0,8463,0%,5.55
https://paytner.co.jp/paytter/freelance/4484/#i-7,0,8287,0%,6.54
https://paytner.co.jp/paytter/freelance/2417/#i,0,8282,0%,6.89
https://paytner.co.jp/paytter/freelance/9757/#i-17,0,8252,0%,6.23
https://paytner.co.jp/paytter/freelance/4484/#i-14,0,8063,0%,6.56
https://paytner.co.jp/paytter/freelance/5091/#i-9,0,8037,0%,6.59
https://paytner.co.jp/paytter/freelance/3853/#i-18,0,7993,0%,7.16
https://paytner.co.jp/paytter/freelance/1491/#i-11,0,7871,0%,4.07
https://paytner.co.jp/paytter/freelance/5091/#i-7,0,7780,0%,6.59
https://paytner.co.jp/invoice/media,0,7684,0%,3.94
https://paytner.co.jp/paytter/freelance/6037/#i-2,0,7658,0%,9.1
https://paytner.co.jp/paytter/freelance/4304/#i-6,0,7621,0%,5.32
https://paytner.co.jp/paytter/freelance/4367/#i-12,0,7585,0%,7.53
https://paytner.co.jp/paytter/freelance/4304/#i,0,7584,0%,5.3
https://paytner.co.jp/paytter/freelance/4304/#i-11,0,7568,0%,5.3
https://paytner.co.jp/paytter/freelance/4494/#i-17,0,7492,0%,6.05
https://paytner.co.jp/paytter/freelance/4494/#i,0,7299,0%,6.16
https://paytner.co.jp/paytter/freelance/4494/#i-13,0,7278,0%,6.13
https://paytner.co.jp/paytter/freelance/3853/#i-12,0,7191,0%,7.47
https://paytner.co.jp/paytter/freelance/8727/#i,0,7083,0%,7.38
https://paytner.co.jp/paytter/freelance/6037/#i-6,0,6996,0%,9.07
https://paytner.co.jp/paytter/freelance/8727/#i-10,0,6846,0%,7.34
https://paytner.co.jp/paytter/freelance/3745/#i,0,6831,0%,8.75
https://paytner.co.jp/paytter/freelance/3745/#i-13,0,6831,0%,8.75
https://paytner.co.jp/paytter/freelance/4033/#i-4,0,6803,0%,6.69
https://paytner.co.jp/paytter/freelance/1439/#i-7,0,6715,0%,7.13
https://paytner.co.jp/paytter/freelance/2417/#5,0,6569,0%,7.05
https://paytner.co.jp/paytter/freelance/1439/#i-9,0,6568,0%,7.12
https://paytner.co.jp/paytter/freelance/6469/#1000-2,0,6487,0%,6.48
https://paytner.co.jp/paytter/freelance/12197/#i-2,0,6467,0%,5.28
https://paytner.co.jp/paytter/freelance/12197/#i,0,6430,0%,5.29
https://paytner.co.jp/paytter/freelance/9740/#202510,0,6355,0%,5.23
https://paytner.co.jp/paytter/freelance/9740/#i-7,0,6352,0%,5.23
https://paytner.co.jp/paytter/freelance/3975/#i,0,6316,0%,7.3
https://paytner.co.jp/paytter/freelance/3975/#i-11,0,6223,0%,7.29
https://paytner.co.jp/paytter/freelance/4840/#i-5,0,6193,0%,8.87
https://paytner.co.jp/paytter/freelance/3853/#i-9,0,6127,0%,7.4
https://paytner.co.jp/paytter/freelance/2417/#106130,0,6112,0%,7.04
https://paytner.co.jp/paytter/freelance/2417/#113,0,6101,0%,7.78
https://paytner.co.jp/paytter/freelance/3861/#i-15,0,6067,0%,4.75
https://paytner.co.jp/paytter/freelance/6496/#i-8,0,5998,0%,6.47
https://paytner.co.jp/paytter/freelance/1439/#i-14,0,5952,0%,7.2
https://paytner.co.jp/paytter/freelance/1439/#i,0,5857,0%,7.19
https://paytner.co.jp/paytter/freelance/6469/#290,0,5802,0%,6.46
https://paytner.co.jp/paytter/freelance/6469/#i-5,0,5798,0%,6.46
https://paytner.co.jp/paytter/freelance/2417/#95,0,5797,0%,6.91
https://paytner.co.jp/paytter/freelance/3975/#i-3,0,5732,0%,7.37
https://paytner.co.jp/paytter/freelance/4840/#i-9,0,5715,0%,8.96
https://paytner.co.jp/paytter/freelance/2417/#103-3,0,5681,0%,7.27
https://paytner.co.jp/paytter/freelance/5252/#i-8,0,5580,0%,5.23
https://paytner.co.jp/paytter/freelance/5252/#i-11,0,5578,0%,5.34
https://paytner.co.jp/paytter/freelance/6487/#i-8,0,5531,0%,6.18
https://paytner.co.jp/paytter/freelance/12197/#Income_Tax,0,5408,0%,5.32
https://paytner.co.jp/paytter/factoring/10209/#i-10,0,5317,0%,3.24
https://paytner.co.jp/paytter/freelance/4517/#i-7,0,5300,0%,5.31
https://paytner.co.jp/paytter/freelance/6321/#i-12,0,5299,0%,8.44
https://paytner.co.jp/paytter/freelance/5462/#i-21,0,5253,0%,6.13
https://paytner.co.jp/paytter/freelance/2196/#i-9,0,5064,0%,6.43
https://paytner.co.jp/paytter/factoring/10209/#i-19,0,5050,0%,3.28
https://paytner.co.jp/paytter/freelance/6321/#i-9,0,5033,0%,8.41
https://paytner.co.jp/paytter/freelance/3476/#i-18,0,5021,0%,6.29
https://paytner.co.jp/paytter/freelance/5462/#i-5,0,4969,0%,6.16
https://paytner.co.jp/paytter/factoring/10209/#i-15,0,4956,0%,3.24
https://paytner.co.jp/paytter/factoring/10209/#i-7,0,4901,0%,3.25
https://paytner.co.jp/paytter/freelance/3476/#i-13,0,4876,0%,6.5
https://paytner.co.jp/paytter/freelance/3975/#i-14,0,4868,0%,7.44
https://paytner.co.jp/paytter/freelance/12002/#i-4,0,4843,0%,8.47
https://paytner.co.jp/paytter/freelance/12051/#PL,0,4828,0%,6.2
https://paytner.co.jp/paytter/freelance/12051/#PL-3,0,4826,0%,6.2
https://paytner.co.jp/paytter/freelance/3975/#i-8,0,4799,0%,7.4
https://paytner.co.jp/paytter/freelance/4840/#i-15,0,4777,0%,8.86
https://paytner.co.jp/paytter/freelance/3476/#i-3,0,4771,0%,6.44
https://paytner.co.jp/paytter/freelance/12051/#PL-5,0,4708,0%,6.18
https://paytner.co.jp/paytter/freelance/2196/#i-5,0,4666,0%,6.42
https://paytner.co.jp/paytter/freelance/5462/#i-10,0,4662,0%,6.15
https://paytner.co.jp/paytter/freelance/5462/#i-13,0,4612,0%,6.15
https://paytner.co.jp/paytter/freelance/5462/#i-16,0,4584,0%,6.17
https://paytner.co.jp/paytter/freelance/12002/#i-3,0,4580,0%,8.54
https://paytner.co.jp/paytter/freelance/5462/#i-17,0,4579,0%,6.17
https://paytner.co.jp/paytter/freelance/4934/#i-2,0,4537,0%,6.44
https://paytner.co.jp/paytter/freelance/11650/#i-5,0,4511,0%,7.01
https://paytner.co.jp/paytter/freelance/7885/#1000,0,4480,0%,6.59
https://paytner.co.jp/paytter/freelance/4517/#i-11,0,4433,0%,5.47
https://paytner.co.jp/paytter/freelance/6321/#i-3,0,4429,0%,8.37
https://paytner.co.jp/paytter/freelance/1517/#5,0,4378,0%,6.7
https://paytner.co.jp/paytter/freelance/2366/#i-11,0,4338,0%,5.77
https://paytner.co.jp/paytter/freelance/4840/#i-13,0,4301,0%,8.98
https://paytner.co.jp/paytter/freelance/4840/#i-3,0,4300,0%,8.98
https://paytner.co.jp/paytter/freelance/1491/#i-3,0,4287,0%,4.28
https://paytner.co.jp/paytter/freelance/6321/#i,0,4261,0%,8.35
https://paytner.co.jp/paytter/service/11683/#i-6,0,4191,0%,2.94
https://paytner.co.jp/paytter/freelance/2366/#i-8,0,4173,0%,5.64
https://paytner.co.jp/paytter/freelance/11650/#i-2,0,4173,0%,7
https://paytner.co.jp/paytter/freelance/6274/#i,0,4116,0%,5.97
https://paytner.co.jp/paytter/freelance/11650/#i-8,0,4085,0%,7
https://paytner.co.jp/paytter/freelance/3476/#i,0,4084,0%,6.57
https://paytner.co.jp/paytter/freelance/4517/#i-14,0,3971,0%,5.51
https://paytner.co.jp/paytter/freelance/6274/#i-16,0,3969,0%,6
https://paytner.co.jp/paytter/freelance/4214/#i-10,0,3944,0%,4.69
https://paytner.co.jp/paytter/freelance/4251/#i-4,0,3923,0%,4.75
https://paytner.co.jp/paytter/freelance/3476/#i-7,0,3906,0%,6.6
https://paytner.co.jp/paytter/freelance/6241/#5,0,3873,0%,6.39
https://paytner.co.jp/paytter/freelance/12286/#i-20,0,3827,0%,5.44
https://paytner.co.jp/paytter/freelance/1491/#i-7,0,3804,0%,4.03
https://paytner.co.jp/paytter/freelance/1491/#i-9,0,3801,0%,3.87
https://paytner.co.jp/paytter/freelance/11650/#i-3,0,3801,0%,7.07
https://paytner.co.jp/paytter/freelance/4934/#i-12,0,3791,0%,6.49
https://paytner.co.jp/paytter/freelance/12002/#i,0,3751,0%,8.59
https://paytner.co.jp/paytter/freelance/1517/#NISANISA,0,3679,0%,6.79
https://paytner.co.jp/paytter/freelance/4952/#i-2,0,3648,0%,5.08
https://paytner.co.jp/paytter/freelance/4952/#i,0,3613,0%,5.08
https://paytner.co.jp/paytter/freelance/4952/#i-7,0,3613,0%,5.08
https://paytner.co.jp/paytter/freelance/6241/#i,0,3584,0%,6.44
https://paytner.co.jp/paytter/freelance/1491/#i-8,0,3580,0%,3.85
https://paytner.co.jp/paytter/freelance/6274/#i-7,0,3556,0%,6.02
https://paytner.co.jp/paytter/freelance/4934/#i-8,0,3546,0%,6.45
https://paytner.co.jp/paytter/freelance/4934/#i-4,0,3544,0%,6.44
https://paytner.co.jp/paytter/freelance/12051/#PL-4,0,3521,0%,6.2
https://paytner.co.jp/paytter/freelance/6274/#i-11,0,3498,0%,6
https://paytner.co.jp/paytter/freelance/6469/#i-8,0,3483,0%,6.67
https://paytner.co.jp/paytter/freelance/11650/#i-7,0,3483,0%,6.88
https://paytner.co.jp/paytter/freelance/4033/#i-14,0,3470,0%,7.01
https://paytner.co.jp/paytter/freelance/4251/#i-12,0,3440,0%,4.83
https://paytner.co.jp/paytter/freelance/1517/#i-5,0,3424,0%,6.61
https://paytner.co.jp/paytter/freelance/6274/#i-3,0,3421,0%,5.99
https://paytner.co.jp/paytter/freelance/12155/#i-3,0,3346,0%,7.96
https://paytner.co.jp/paytter/freelance/4214/#i-12,0,3282,0%,4.67
https://paytner.co.jp/paytter/freelance/1517/#i-3,0,3281,0%,6.82
https://paytner.co.jp/paytter/freelance/6241/#3,0,3273,0%,6.31
https://paytner.co.jp/paytter/freelance/6241/#i-12,0,3232,0%,6.32
https://paytner.co.jp/paytter/freelance/4251/#i,0,3180,0%,4.64
https://paytner.co.jp/paytter/freelance/6752/#i-4,0,3167,0%,6.77
https://paytner.co.jp/paytter/freelance/4251/#i-10,0,3141,0%,4.77
https://paytner.co.jp/paytter/freelance/12452/#i-11,0,3139,0%,6.43
https://paytner.co.jp/paytter/freelance/12155/#i-15,0,3124,0%,7.93
https://paytner.co.jp/paytter/freelance/1517/#i-6,0,3103,0%,6.59
https://paytner.co.jp/paytter/freelance/12452/#i-2,0,3101,0%,6.42
https://paytner.co.jp/paytter/freelance/6157/#i-5,0,3100,0%,5.19
https://paytner.co.jp/paytter/freelance/10580/#i,0,3096,0%,8.34
https://paytner.co.jp/paytter/freelance/1491/#i-10,0,3059,0%,3.54
https://paytner.co.jp/paytter/freelance/6809/#i-7,0,3053,0%,8.83
https://paytner.co.jp/paytter/freelance/4214/#i-13,0,3042,0%,4.62
https://paytner.co.jp/paytter/freelance/12452/#i-8,0,3007,0%,6.35
https://paytner.co.jp/paytter/freelance/12452/#i,0,3001,0%,6.34
https://paytner.co.jp/paytter/freelance/1632/#i-2,0,2993,0%,5.43
https://paytner.co.jp/paytter/freelance/4251/#i-8,0,2968,0%,4.76
https://paytner.co.jp/paytter/freelance/1632/#10,0,2966,0%,5.42
https://paytner.co.jp/paytter/factoring/11863/,0,2966,0%,38.28
https://paytner.co.jp/paytter/freelance/7885/#i-2,0,2954,0%,6.82
https://paytner.co.jp/paytter/freelance/12103/#i-9,0,2939,0%,9.27
https://paytner.co.jp/paytter/freelance/6469/#i-9,0,2938,0%,6.64
https://paytner.co.jp/paytter/freelance/9276/#i-7,0,2926,0%,4.27
https://paytner.co.jp/paytter/freelance/12452/#i-9,0,2919,0%,6.25
https://paytner.co.jp/paytter/factoring/4650/#i-4,0,2916,0%,6.6
https://paytner.co.jp/paytter/freelance/12118/#i,0,2908,0%,5.68
https://paytner.co.jp/paytter/freelance/6752/#i-3,0,2899,0%,6.71
https://paytner.co.jp/paytter/freelance/12155/#i-11,0,2894,0%,7.87
https://paytner.co.jp/paytter/freelance/6157/#i-13,0,2857,0%,5.33
https://paytner.co.jp/paytter/factoring/4650/#i-10,0,2837,0%,6.43
https://paytner.co.jp/paytter/freelance/4670/#i-3,0,2832,0%,6.76
https://paytner.co.jp/paytter/freelance/7399/#i,0,2795,0%,5.26
https://paytner.co.jp/paytter/freelance/4670/#i-5,0,2787,0%,6.77
https://paytner.co.jp/paytter/factoring/5104/#i-6,0,2782,0%,7.35
https://paytner.co.jp/paytter/freelance/12118/#i-12,0,2775,0%,5.61
https://paytner.co.jp/paytter/freelance/6469/#i-2,0,2751,0%,6.09
https://paytner.co.jp/paytter/freelance/12103/#i-6,0,2744,0%,9.15
https://paytner.co.jp/paytter/factoring/5104/#i-9,0,2732,0%,7.31
https://paytner.co.jp/paytter/freelance/5794/#6,0,2722,0%,6.8
https://paytner.co.jp/paytter/freelance/10632/#i-7,0,2718,0%,7.47
https://paytner.co.jp/paytter/freelance/5754/#i-9,0,2716,0%,7.55
https://paytner.co.jp/paytter/freelance/5794/#i-3,0,2703,0%,6.79
https://paytner.co.jp/paytter/freelance/7717/#i-10,0,2686,0%,9.09
https://paytner.co.jp/paytter/freelance/6809/#i-9,0,2684,0%,8.89
https://paytner.co.jp/paytter/freelance/9276/#2025,0,2679,0%,4.2
https://paytner.co.jp/paytter/freelance/10580/#i-3,0,2669,0%,8.26
https://paytner.co.jp/paytter/freelance/5754/#i-6,0,2666,0%,7.66
https://paytner.co.jp/paytter/freelance/9594/#i,0,2660,0%,6.02
https://paytner.co.jp/paytter/factoring/4650/#i-3,0,2660,0%,6.46
https://paytner.co.jp/paytter/freelance/12118/#i-7,0,2653,0%,5.84
https://paytner.co.jp/paytter/freelance/12103/#i-12,0,2644,0%,9.32
https://paytner.co.jp/invoice/billmag/inovice-inperson/#i-8,0,2625,0%,7.15
https://paytner.co.jp/paytter/factoring/4650/#i-7,0,2618,0%,6.32
https://paytner.co.jp/paytter/freelance/10632/#i-14,0,2574,0%,7.4
https://paytner.co.jp/paytter/factoring/4650/#i-12,0,2563,0%,6.22
https://paytner.co.jp/paytter/freelance/7717/#i-13,0,2561,0%,9.1
https://paytner.co.jp/paytter/freelance/12103/#i-3,0,2548,0%,9.49
https://paytner.co.jp/paytter/freelance/9594/#i-8,0,2520,0%,5.98
https://paytner.co.jp/paytter/freelance/4040/#i-5,0,2513,0%,6.84
https://paytner.co.jp/paytter/factoring/4650/#i,0,2496,0%,6.27
https://paytner.co.jp/paytter/freelance/6469/#i-4,0,2488,0%,6.13
https://paytner.co.jp/paytter/freelance/10632/#i,0,2482,0%,7.41
https://paytner.co.jp/paytter/freelance/9276/#i-6,0,2480,0%,4.05
https://paytner.co.jp/paytter/freelance/10580/#i-13,0,2463,0%,8.31
https://paytner.co.jp/paytter/freelance/9594/#i-5,0,2446,0%,5.97
https://paytner.co.jp/paytter/freelance/12118/#i-11,0,2429,0%,5.59
https://paytner.co.jp/paytter/freelance/9276/#i-20,0,2412,0%,4.05
https://paytner.co.jp/paytter/freelance/6836/#i-7,0,2392,0%,9.13
https://paytner.co.jp/paytter/freelance/6272/#i-8,0,2328,0%,3.28
https://paytner.co.jp/paytter/invoice-text/,0,2318,0%,1.49
https://paytner.co.jp/paytter/freelance/5794/#6-2,0,2304,0%,6.79
https://paytner.co.jp/paytter/freelance/6272/#i-14,0,2297,0%,3.25
https://paytner.co.jp/paytter/freelance/9594/#i-11,0,2288,0%,6.05
https://paytner.co.jp/paytter/freelance/10580/#i-16,0,2285,0%,8.28
https://paytner.co.jp/paytter/freelance/6752/#i-11,0,2282,0%,6.35
https://paytner.co.jp/paytter/freelance/10580/#i-10,0,2271,0%,8.26
https://paytner.co.jp/paytter/freelance/4538/,0,2263,0%,9.41
https://paytner.co.jp/paytter/freelance/5775/#i-6,0,2244,0%,8.78
https://paytner.co.jp/paytter/freelance/2417/#150,0,2228,0%,7.46
https://paytner.co.jp/paytter/freelance/9276/#i-18,0,2224,0%,4.08
https://paytner.co.jp/paytter/freelance/10632/#i-18,0,2222,0%,7.3
https://paytner.co.jp/paytter/freelance/1517/#i-2,0,2221,0%,6.43
https://paytner.co.jp/paytter/freelance/1517/#i-7,0,2192,0%,6.91
https://paytner.co.jp/invoice/billmag/invoice-mistake/#i-5,0,2187,0%,7.8
https://paytner.co.jp/invoice/billmag/inspection-document/#i-8,0,2168,0%,6.21
https://paytner.co.jp/paytter/freelance/3801/#i-7,0,2168,0%,6.94
https://paytner.co.jp/invoice/billmag/inspection-document/#i,0,2167,0%,6.21
https://paytner.co.jp/invoice/billmag/inspection-document/#i-2,0,2167,0%,6.21
https://paytner.co.jp/paytter/freelance/5754/#i-3,0,2167,0%,7.56
https://paytner.co.jp/paytter/freelance/6327/#i-13,0,2163,0%,8.12
https://paytner.co.jp/invoice/billmag/inspection-document/#i-5,0,2161,0%,6.22
https://paytner.co.jp/paytter/freelance/6836/#i-10,0,2145,0%,8.89
https://paytner.co.jp/paytter/freelance/8522/#i-11,0,2143,0%,7.57
https://paytner.co.jp/paytter/freelance/5997/#i-10,0,2142,0%,7.08
https://paytner.co.jp/paytter/freelance/5997/#i-14,0,2129,0%,7.07
https://paytner.co.jp/paytter/freelance/5754/#i,0,2129,0%,7.52
https://paytner.co.jp/paytter/freelance/6272/#i,0,2123,0%,3.25
https://paytner.co.jp/paytter/freelance/5775/#i-11,0,2122,0%,8.78
https://paytner.co.jp/paytter/freelance/6272/#i-11,0,2110,0%,3.25
https://paytner.co.jp/invoice/billmag/invoice-method-custody/,0,2101,0%,50.65
https://paytner.co.jp/paytter/freelance/5754/#i-2,0,2076,0%,7.57
https://paytner.co.jp/paytter/freelance/12103/#i,0,2064,0%,9.47
https://paytner.co.jp/paytter/freelance/6327/#i,0,2052,0%,8.06
https://paytner.co.jp/paytter/freelance/3801/#i-3,0,2050,0%,6.9
https://paytner.co.jp/paytter/freelance/7885/#i-7,0,2034,0%,6.68
https://paytner.co.jp/paytter/freelance/8522/#i-15,0,2033,0%,7.49
https://paytner.co.jp/paytter/freelance/6836/#i-13,0,2009,0%,9.47
https://paytner.co.jp/paytter/freelance/6752/#i,0,1986,0%,6.2
https://paytner.co.jp/paytter/freelance/6324/,0,1978,0%,24.6
https://paytner.co.jp/paytter/freelance/2417/#100,0,1975,0%,6.68
https://paytner.co.jp/paytter/service/7638/#i-2,0,1966,0%,7.07
https://paytner.co.jp/paytter/service/7638/#i-9,0,1962,0%,7.07
https://paytner.co.jp/paytter/freelance/10283/#i-3,0,1953,0%,9.94