上位のクエリ,クリック数,表示回数,CTR,掲載順位
羽田空港 駐 車場 料金 安い,546,11200,4.88%,6.96
伊丹空港 駐 車場 予約なし でも 大丈夫,392,3898,10.06%,1.37
羽田空港 駐 車場 予約なしでも 大丈夫,332,10198,3.26%,5.62
羽田空港 駐車場 料金,318,24259,1.31%,7.81
関空 駐 車場 どこがいい,268,8080,3.32%,5.71
vipハイヤー配車,263,444,59.23%,1
羽田空港 駐車場 安い,257,1910,13.46%,6.39
vipハイヤー,248,394,62.94%,1
関空 駐 車場 満車の場合,199,1576,12.63%,2.27
羽田空港 駐車場 混雑状況,180,10550,1.71%,5.84
関空 駐車場,158,7456,2.12%,8.08
関西空港 駐車場,153,9177,1.67%,7.33
伊丹空港 駐 車場 裏ワザ,142,6984,2.03%,5.97
関空 駐 車場 料金 シュミレーション,136,6623,2.05%,3.71
関西国際空港 駐車場,136,6098,2.23%,7.34
関空 駐 車場 予約なし でも 大丈夫,132,1356,9.73%,1.65
羽田空港 駐 車場 安い,127,1272,9.98%,6.36
羽田 駐車場 安い,84,645,13.02%,5.33
関西空港 駐 車場 安い,70,1324,5.29%,5.51
羽田空港駐車場料金,68,7575,0.9%,7.79
羽田空港 駐車場 混雑予想,66,1840,3.59%,7.3
関空 駐 車場 安い,66,940,7.02%,5.66
サンパーキング関空店,65,302,21.52%,2.07
成田空港定額タクシー 比較,63,318,19.81%,1.71
関空 駐車場 料金,62,10556,0.59%,6.06
羽田空港 ハイヤー,61,475,12.84%,3.08
関空 駐車場 安い,60,1014,5.92%,5.82
関空 駐車場 予約なし,56,475,11.79%,1.8
羽田空港 駐車場 料金 安い,55,935,5.88%,6.86
羽田空港 駐車場 おすすめ,52,1775,2.93%,8.64
羽田空港 駐 車場 空き状況 リアルタイム,51,5579,0.91%,8.53
羽田空港定額タクシー 格安,50,1559,3.21%,7.57
羽田空港 民間駐車場,49,1007,4.87%,8.86
vipハイヤー配車 口コミ,49,256,19.14%,1.08
vip ハイヤー,49,88,55.68%,1.64
羽田空港駐車場 混雑状況,48,2340,2.05%,5.81
羽田空港 駐車場 民間,48,859,5.59%,8.21
羽田空港 駐 車場 送迎 あり,47,1649,2.85%,8.39
vipタクシー,47,162,29.01%,1.04
タクシー料金,44,26369,0.17%,8.66
成田空港 リムジンバス,44,4242,1.04%,8.49
成田空港 リムジンバス 料金,43,771,5.58%,3.65
vipハイヤー配車 クーポンコード,43,71,60.56%,1.07
羽田空港 駐車場 格安,42,391,10.74%,6.69
羽田空港定額タクシー 比較,39,1305,2.99%,3.55
関空 駐 車場 無料,37,2466,1.5%,6.7
羽田空港定額タクシー比較,36,1148,3.14%,5.73
関空 駐車場 どこがいい,35,1011,3.46%,5.8
羽田空港 駐 車場 混雑状況,35,608,5.76%,5.71
羽田空港 リムジンバス チケット売り場,35,313,11.18%,1.4
羽田空港 リムジンバス チケット 売り場,35,288,12.15%,1.34
伊丹空港 駐 車場 混雑状況 リアルタイム,34,1193,2.85%,4.76
関空 駐 車場 空き状況 リアルタイム,33,1790,1.84%,7.7
羽田空港 駐 車場 予約 安い,33,686,4.81%,8.07
羽田空港 駐 車場 民間 おすすめ,31,954,3.25%,6.49
羽田空港 リムジンバス 乗り方,31,463,6.7%,4.65
羽田空港 格安駐車場,31,338,9.17%,7.91
羽田空港 安い 駐車場,31,261,11.88%,7.24
羽田空港 駐車場 長期,31,193,16.06%,5.66
成田空港 ハイヤー,30,1283,2.34%,11.93
関西空港 駐車場 安い,30,441,6.8%,5.95
羽田 駐 車場 安い,30,282,10.64%,5.39
伊丹空港 駐車場 予約なし,30,137,21.9%,1.55
関空 駐 車場 料金,28,3145,0.89%,5.42
関空駐車場,28,1441,1.94%,8.08
羽田空港駐車場混雑状況,27,1703,1.59%,5.87
羽田空港から豊洲,27,1538,1.76%,5.72
関空 駐 車場 どこがいい 国際線,27,633,4.27%,2.64
伊丹空港 駐車場 予約なしでも大丈夫,27,202,13.37%,2.52
成田空港 駐 車場 空き状況 リアルタイム,26,1286,2.02%,6.94
羽田空港 駐 車場 おすすめ,26,1041,2.5%,9.37
成田空港 駐車場 予約なし,26,352,7.39%,5.37
羽田空港 民間駐車場 おすすめ,25,772,3.24%,7.93
羽田空港からディズニー 定額タクシー,25,284,8.8%,4.17
関空 駐 車場 予約 必要 か,25,212,11.79%,3.62
羽田空港 駐 車場 空き状況,24,3870,0.62%,9.3
関空 駐車場 予約,24,1468,1.63%,9.19
羽田空港から豊洲駅,24,1241,1.93%,5.38
関空駐車場料金,23,3586,0.64%,5.97
関西空港 駐車場 料金,23,2686,0.86%,7.51
関西国際空港 駐車場 料金,23,2007,1.15%,5.93
羽田空港 駐 車場 予約なし 平日,23,481,4.78%,4.92
羽田パーキングセンター,23,351,6.55%,3.85
関西空港 駐 車場 予約なし でも 大丈夫,23,275,8.36%,1.88
関西国際空港 駐車場 予約なし,23,157,14.65%,1.85
羽田空港 駐車場 空き状況,22,2511,0.88%,9.32
関空駐車場料金シュミレーション,22,857,2.57%,4.09
羽田空港 駐車場 予約なし,22,724,3.04%,6.87
羽田空港 リムジンバス チケット 買い方,22,523,4.21%,1.72
成田空港 駐 車場 満車の場合,22,488,4.51%,5.05
羽田空港 乗り合いタクシー,22,321,6.85%,5.31
サンパーキング 関空,22,73,30.14%,1.95
成田空港 混雑状況 リアルタイム,21,1035,2.03%,8.01
羽田空港 駐車場,21,534,3.93%,12.15
羽田空港 リムジンバスチケット 買い方,21,286,7.34%,2.27
関空駐車場 予約なし,21,151,13.91%,1.6
羽田空港 ハイヤー乗り場,21,133,15.79%,2.77
羽田空港 駐車料金,20,1341,1.49%,8.07
羽田空港民間 駐 車場 おすすめ,20,640,3.12%,7.87
関空 駐 車場 予約なし,20,313,6.39%,1.88
関空駐車場abc,20,183,10.93%,3.01
羽田空港 駐車場 混雑,19,1683,1.13%,7.6
関西空港 駐 車場 料金 シュミレーション,19,651,2.92%,3.71
羽田空港 長期駐車場,19,134,14.18%,6.29
関空 駐車場 満車の場合,19,116,16.38%,2.57
羽田 ハイヤー,19,115,16.52%,2.37
羽田空港 駐 車場 混雑状況 リアルタイム,18,1860,0.97%,8.61
羽田空港 リムジンバス 料金,18,1576,1.14%,6.84
羽田空港民間 駐 車場 ランキング,18,494,3.64%,5.91
関空駐車場 安い,18,308,5.84%,5.27
羽田から豊洲,17,1205,1.41%,5.67
成田空港 駐 車場 予約 裏ワザ,17,1199,1.42%,7.62
羽田 駐車場 料金,17,1051,1.62%,9.19
羽田空港 駐 車場 料金 安い 国際線,17,199,8.54%,4.86
羽田空港 ディズニー タクシー,17,198,8.59%,4.21
羽田空港 駐車場 一週間,17,134,12.69%,5.1
羽田空港 安い駐車場,17,126,13.49%,7.16
羽田空港 駐 車場 料金,16,2280,0.7%,7.9
成田空港から品川駅,16,1767,0.91%,7.1
関西国際空港 駐 車場,16,855,1.87%,7.1
伊丹空港 駐 車場 空き状況,16,679,2.36%,7.38
伊丹空港 混雑状況 今日,16,413,3.87%,6.02
羽田空港 リムジンバス 券売機,16,211,7.58%,2.5
羽田空港 民間駐車場 国際線,16,124,12.9%,6.58
vip タクシー,16,44,36.36%,1.11
羽田空港 国際線 到着 時間,15,1554,0.97%,8.92
羽田空港から東京ドーム リムジンバス 時刻表,15,1329,1.13%,1.04
日本機場接送,15,935,1.6%,9.13
羽田空港 駐 車場 p1 混雑状況,15,756,1.98%,7.4
羽田 駐車場 混雑,15,751,2%,8.13
関西国際空港駐車場,15,549,2.73%,7.18
伊丹空港 駐車場 混雑状況,15,329,4.56%,5.47
vip limo,15,288,5.21%,13.17
羽田 ディズニー タクシー,15,176,8.52%,4.06
関空 民間駐車場 おすすめ,15,126,11.9%,4.06
伊丹空港 ハイヤー,15,62,24.19%,3
羽田空港 駐車場料金,14,1731,0.81%,7.73
羽田空港 国際線 フライト情報 リアルタイム,14,1228,1.14%,8.64
羽田空港 駐 車場 混雑予想,14,576,2.43%,7.48
伊丹空港 駐車場 裏ワザ,14,506,2.77%,6.45
成田空港 駐 車場 予約なし でも 大丈夫,14,245,5.71%,3.37
羽田空港 駐 車場 送迎 あり 安い,14,166,8.43%,6.76
羽田空港 第3ターミナル vip 車寄せ,14,106,13.21%,1.69
羽田空港 乗合タクシー,14,75,18.67%,4.47
空港送迎,13,899,1.45%,4.98
羽田空港から北千住,13,755,1.72%,5.52
成田空港から秋葉原,13,671,1.94%,6.65
羽田空港から東京ドーム リムジンバス時刻表,13,526,2.47%,1.01
羽田空港駐車場 混雑予想,13,292,4.45%,7.44
伊丹空港 駐 車場 満車の場合,13,258,5.04%,4.66
ハイヤー 羽田空港,13,142,9.15%,2.54
沖縄 定額タクシー,13,138,9.42%,6.43
羽田空港 駐車場 1週間,13,109,11.93%,4.68
関空 駐車場 満車,13,83,15.66%,2.52
関空 ハイヤー,13,75,17.33%,2.93
羽田空港 ハイヤー 料金,13,70,18.57%,4.03
羽田空港 駐車場 長期 格安,13,63,20.63%,3.95
豊洲 羽田 タクシー 定額,13,53,24.53%,1.57
vipハイヤー配車 安全,13,47,27.66%,1.94
成田空港 定額タクシー 比較,13,34,38.24%,1.71
羽田空港 送迎,12,728,1.65%,5.06
羽田 豊洲,12,567,2.12%,6.39
関西空港 タクシー 乗り合い mk,12,515,2.33%,5.2
成田空港 駐車場 混雑状況,12,484,2.48%,5.96
羽田空港からディズニーランド タクシー,12,308,3.9%,4.46
那覇空港 タクシー 定額,12,174,6.9%,7.76
羽田 リムジンバス 乗り方,12,155,7.74%,4.14
関西空港 駐車場 予約なし,12,123,9.76%,2.08
羽田空港周辺 駐 車場 安い,12,103,11.65%,6.25
羽田空港 豊洲 タクシー,12,99,12.12%,2.68
関西空港 駐 車場 予約なし,12,98,12.24%,1.81
羽田空港 駐車場 安い おすすめ,12,69,17.39%,4.09
ハイヤーとは,11,16711,0.07%,8.03
羽田空港から渋谷駅,11,3360,0.33%,8.36
mkタクシー 予約,11,2183,0.5%,8.34
関西空港駐車場,11,942,1.17%,6.93
リムジンバス羽田空港線 乗り方,11,651,1.69%,4.69
羽田空港 小田原駅 リムジンバス 時刻表,11,427,2.58%,1.07
関空 駐 車場 料金 安い,11,358,3.07%,5.94
羽田空港 リムジンバス予約なし,11,267,4.12%,1.84
羽田空港 駐 車場 送迎あり,11,266,4.14%,7.72
羽田空港 駐車場 民間 おすすめ,11,236,4.66%,6.67
羽田空港タクシー 安い,11,227,4.85%,5.47
恵比寿 羽田空港 バス,11,152,7.24%,5.49
羽田空港から 神保町 リムジンバス,11,148,7.43%,1.7
成田空港 秋葉原 バス,11,121,9.09%,4.56
羽田空港リムジンバスチケット売り場,11,84,13.1%,1.42
伊丹空港 駐車場 混雑予想,11,74,14.86%,3.43
羽田空港 ハイヤー 予約,11,72,15.28%,2.14
羽田空港 駐車場 最安値,11,54,20.37%,3.52
羽田空港から渋谷,10,2933,0.34%,8.05
羽田空港 国際線 到着 今日,10,1025,0.98%,9.09
成田空港から品川駅 成田エクスプレス,10,765,1.31%,4.58
関西国際空港 駐車場 予約,10,436,2.29%,9.28
安い関空駐車場vip,10,389,2.57%,6.37
関空 送迎,10,283,3.53%,7.62
羽田空港駐車場 混雑予測,10,280,3.57%,6.18
羽田空港 駐車場 予約,10,217,4.61%,10.04
乗合タクシー 羽田空港,10,163,6.13%,4.36
那覇空港 ハイヤー,10,139,7.19%,3.17
沖縄 ハイヤー 料金,10,134,7.46%,5.81
関西国際空港 駐 車場 予約なし,10,128,7.81%,2.02
関空 駐車場 おすすめ,10,115,8.7%,5.31
羽田空港 第2ターミナル vip 車寄せ,10,95,10.53%,2.44
伊丹空港 vip 車寄せ,10,83,12.05%,2.63
日本包车,10,78,12.82%,9.23
羽田 豊洲 タクシー,10,66,15.15%,2.71
羽田駐車場 安い,10,62,16.13%,5.6
羽田空港 駐車場 安く,10,61,16.39%,4.7
羽田空港 リムジンバス 購入場所,10,50,20%,1.84
関西空港駐車場料金,9,845,1.07%,7.55
羽田空港から西葛西駅,9,815,1.1%,6.31
渋谷 羽田空港,9,746,1.21%,6.69
羽田空港から半蔵門駅,9,578,1.56%,7.07
関西空港 駐 車場 空き状況,9,463,1.94%,7.1
成田空港定額タクシー 安い,9,350,2.57%,5.66
羽田空港から恵比寿駅 リムジンバス,9,344,2.62%,7.04
羽田空港から ディズニーランド リムジンバス 乗り場,9,334,2.69%,1.01
羽田空港民間 駐 車場 一覧,9,316,2.85%,8.28
成田空港 駐車場 混雑予想,9,284,3.17%,6.63
羽田空港から両国駅 リムジンバス 時刻表,9,243,3.7%,1.04
成田空港 駐 車場 混雑状況,9,224,4.02%,6
羽田空港 リムジンバス,9,221,4.07%,7.57
羽田空港 駐 車場 送迎 あり おすすめ,9,206,4.37%,3.12
羽田空港 駐 車場 混雑状況 過去,9,197,4.57%,5.49
羽田空港 駐車場 送迎,9,172,5.23%,8.8
羽田空港民間 駐 車場 おすすめ 国際線,9,155,5.81%,5.94
高級ハイヤー,9,152,5.92%,3.44
羽田 駐車場 混雑予想,9,144,6.25%,6.71
伊丹空港 駐車場,9,128,7.03%,4.09
那覇空港 定額タクシー,9,89,10.11%,7.07
ディズニー 定額タクシー 口コミ,9,78,11.54%,3.55
関空 駐車場 一週間,9,75,12%,2.87
関空 駐車場 1週間,9,71,12.68%,2.73
羽田空港 周辺 駐車場 安い,9,67,13.43%,6.37
関空駐車場安い,9,49,18.37%,4.57
関空駐車場 満車の場合,9,45,20%,1.98
タクシー vip,9,40,22.5%,1.32
タクシー料金 目安,8,5687,0.14%,4.22
タクシー チャイルドシート,8,1856,0.43%,4.84
羽田空港 駐 車場 p2 混雑状況,8,1474,0.54%,9.16
成田空港 駐車場,8,1306,0.61%,2.76
羽田空港 リムジンバス予約 必要,8,714,1.12%,5.02
関空 駐車料金,8,685,1.17%,8.12
成田空港 駐車場 混雑,8,602,1.33%,5.9
関西空港 駐車場 予約,8,547,1.46%,9.18
高級タクシー,8,451,1.77%,5.39
陣痛タクシー 使い方,8,443,1.81%,1.49
羽田空港駐車場 予約なし,8,279,2.87%,6.6
羽田空港 駐車場 送迎あり,8,234,3.42%,8.15
リムジンバス 羽田空港 線 乗り 方,8,193,4.15%,4.64
関空 第二ターミナル 駐 車場 予約なし,8,168,4.76%,2.04
成田空港定額タクシー おすすめ,8,162,4.94%,6.04
関西国際空港 駐車場 安い,8,147,5.44%,5.5
成田 ハイヤー,8,139,5.76%,4.44
羽田 乗合タクシー,8,131,6.11%,4.36
羽田空港からディズニーシー タクシー,8,105,7.62%,2.76
タクシー 暗黙のルール,8,99,8.08%,2.63
羽田空港 相乗りタクシー,8,90,8.89%,4.73
羽田空港駐車場 安い,8,84,9.52%,5.8
羽田空港安い駐車場,8,82,9.76%,7.1
関空 駐車場 予約できない,8,77,10.39%,1.99
関空 駐車場 長期,8,69,11.59%,3.04
伊丹空港駐車場 予約なし,8,52,15.38%,1.08
羽田空港 タクシー 定額 江東区,8,41,19.51%,3.54
羽田空港 近く 駐車場 安い,8,41,19.51%,5.29
成田空港からリムジンバス 料金,8,33,24.24%,2.27
ハイヤー タクシー 違い,7,4799,0.15%,7.76
タクシー料金 10km,7,3396,0.21%,6.94
ワゴンタクシー,7,1443,0.49%,6.03
羽田空港から幕張メッセ リムジンバス,7,1242,0.56%,1.19
羽田から渋谷,7,1216,0.58%,8.3
羽田空港 駐 車場 p3 混雑状況,7,1206,0.58%,8.23
関空駐車場予約,7,998,0.7%,9.17
羽田空港から恵比寿駅,7,883,0.79%,6.82
伊丹空港 駐車場 予約,7,813,0.86%,11.14
"成田 から羽田 バス 1,000円",7,632,1.11%,7.02
mkタクシー 事前予約,7,621,1.13%,1.85
東京機場接送,7,615,1.14%,16.07
羽田空港 リムジンバス 乗り場 第一 ターミナル,7,559,1.25%,1.14
伊丹空港 混雑状況 リアルタイム,7,518,1.35%,6.83
羽田空港から赤坂駅,7,495,1.41%,7.27
羽田空港 豊洲,7,406,1.72%,7.41
アルファード ハイヤー,7,366,1.91%,10.04
伊丹空港 駐 車場 予約 した 方がいい,7,328,2.13%,5.28
羽田空港 駐 車場 混雑状況 現在,7,328,2.13%,6.9
羽田空港 駐 車場 予約なし 早朝,7,291,2.41%,6.77
羽田からディズニー タクシー,7,259,2.7%,3.98
羽田空港からディズニー タクシー,7,239,2.93%,4.68
羽田空港民間駐車場,7,225,3.11%,8.77
羽田空港から東京駅 リムジンバス,7,212,3.3%,3.75
タクシー 初乗り 料金 埼玉,7,203,3.45%,3
羽田空港から 河口湖 駅 リムジンバス,7,169,4.14%,1.13
羽田 駐車場 民間,7,158,4.43%,7.65
羽田空港 リムジンバス乗り方,7,137,5.11%,4.64
タクシー チャイルドシート 持ち込み,7,136,5.15%,6.99
羽田空港 駐車場 混み具合,7,107,6.54%,5.53
ハイヤー アプリ,7,89,7.87%,3.51
羽田空港付近 駐車場 安い,7,82,8.54%,6.11
空港ハイヤー,7,78,8.97%,6.1
羽田空港 駐車場 安い 送迎,7,76,9.21%,6.72
成田 リムジンバス 料金,7,67,10.45%,3.51
関空 駐車場 予約なしでも大丈夫,7,60,11.67%,2.07
羽田 ハイヤー 予約,7,58,12.07%,3.38
羽田空港周辺 駐車場 安い,7,57,12.28%,6.65
成田空港 ハイヤー 比較,7,36,19.44%,2.31
ハイヤー,6,4095,0.15%,7.72
渋谷から羽田空港,6,2087,0.29%,7.99
羽田空港から新橋駅,6,1814,0.33%,7.1
成田空港 リムジンバス 路線図,6,1666,0.36%,5.79
羽田空港から銀座,6,1537,0.39%,6.85
羽田空港から新橋駅 乗り換えなし,6,1001,0.6%,8.61
羽田から秋葉原,6,905,0.66%,7.41
羽田空港 国際線 到着便,6,681,0.88%,8.51
羽田空港から新宿駅,6,671,0.89%,2.71
羽田空港 国際線 到着便 リアルタイム,6,603,1%,6.76
ハイヤー予約,6,586,1.02%,7.1
羽田駐車場料金,6,551,1.09%,9.48
伊丹空港 駐 車場 予約 した 方が いい,6,540,1.11%,6
関空 駐 車場 予約状況,6,480,1.25%,4.96
成田空港から品川,6,473,1.27%,8.74
羽田空港から大井町,6,375,1.6%,5.86
関空 駐車場 シュミレーション,6,374,1.6%,4.61
横浜タクシー料金,6,292,2.05%,2.93
羽田空港 p5 混雑状況,6,214,2.8%,8.34
成田空港駐車場 混雑状況,6,185,3.24%,6.11
伊丹空港 駐 車場 混雑 予想,6,155,3.87%,2.58
羽田空港 送迎 駐車場,6,152,3.95%,10.84
羽田空港リムジンバス 乗り方,6,138,4.35%,4.94
羽田空港駐車場混雑予想,6,134,4.48%,7.72
関空 駐 車場 安い 送迎,6,121,4.96%,5.74
タクシーgo 陣痛,6,121,4.96%,7.8
羽田空港第2ターミナル タクシー乗り場,6,114,5.26%,1.11
羽田空港 乗り合い タクシー,6,112,5.36%,5.66
ハネダパーキング,6,112,5.36%,7.29
伊丹空港 駐車場 満車の場合,6,106,5.66%,5.93
羽田空港 シェアタクシー,6,98,6.12%,5.15
羽田から豊洲 タクシー,6,82,7.32%,3.05
タクシー乗り場とは,6,78,7.69%,1.14
羽田空港 p5 予約なし,6,75,8%,5.09
リムジン ハイヤー,6,75,8%,7.48
成田空港リムジンバス 料金,6,71,8.45%,3.38
羽田空港ハイヤー,6,69,8.7%,2.71
羽田 駐車場 混雑予測,6,65,9.23%,6.25
羽田空港 ハイヤー 格安,6,63,9.52%,3.7
関西空港 安い駐車場,6,60,10%,4.58
羽田空港 1週間 駐車場,6,59,10.17%,5.02
羽田空港駐車場安い,6,59,10.17%,6.59
関西国際空港 駐車場 おすすめ,6,55,10.91%,3.44
成田空港ハイヤー,6,53,11.32%,4.36
羽田空港駐車場 民間,6,52,11.54%,8.29
羽田空港 リムジンバスチケット 売り場,6,49,12.24%,1.27
秋葉原 羽田空港 タクシー,6,47,12.77%,4.87
羽田空港第2ターミナル ハイヤー乗り場,6,43,13.95%,2.65
羽田空港ハイヤー乗り場,6,22,27.27%,2.5
タクシー料金計算,5,5756,0.09%,9.19
タクシー 料金,5,3668,0.14%,8.74
タクシーとハイヤーの違い,5,2898,0.17%,6.47
タクシー 初乗り,5,1392,0.36%,12.16
羽田空港から ディズニーランド リムジンバス 料金,5,976,0.51%,1.02
羽田空港から五反田駅,5,879,0.57%,7.65
羽田空港から池袋,5,792,0.63%,7.38
伊丹空港 駐 車場 料金 シュミレーション,5,648,0.77%,5.72
成田空港 行き方 おすすめ,5,638,0.78%,11.12
羽田から新橋,5,608,0.82%,9.12
上野 羽田空港,5,606,0.83%,7.59
羽田空港から赤坂,5,600,0.83%,7.41
横浜 タクシー おすすめ,5,573,0.87%,12.59
関西空港 タクシー 乗り合い,5,564,0.89%,4.29
羽田空港から大井町駅,5,543,0.92%,6.26
羽田空港 駐 車場 p3 混雑状況 リアルタイム,5,502,1%,11.26
月島から羽田空港,5,488,1.02%,7.12
成田空港 混雑状況,5,479,1.04%,8.54
羽田空港から東京駅,5,390,1.28%,2.15
羽田空港から新木場駅,5,365,1.37%,6.35
羽田空港第2ターミナル バス チケット 売り場,5,325,1.54%,4.27
羽田空港 駐車場予約なしでも大丈夫,5,309,1.62%,6.68
吉祥寺 羽田 バス チケット 購入,5,294,1.7%,1.12
東京駅から羽田空港,5,291,1.72%,2.71
関空第二ターミナル 駐 車場 予約,5,221,2.26%,1.51
タクシー スーツケース4個,5,207,2.42%,2.39
関空 駐車場 値段,5,203,2.46%,5.41
成田空港 混雑状況 今日,5,194,2.58%,8.13
タクシー 迎車,5,179,2.79%,3.26
タクシー初乗り料金 埼玉,5,167,2.99%,2.22
関空 安い駐車場,5,150,3.33%,6.4
関空 民間駐車場,5,145,3.45%,6.09
成田空港 定額タクシー,5,144,3.47%,10.08
羽田空港 豊洲駅,5,143,3.5%,4.97
ワゴンタクシー 引っ越し,5,138,3.62%,4.78
リムジンバス 羽田空港 乗り方,5,137,3.65%,4.94
羽田空港から品川プリンスホテル リムジンバス 時刻表,5,135,3.7%,1.18
羽田駐車場 混雑予想,5,127,3.94%,6.85
羽田空港 リムジンバス 券売機 場所,5,124,4.03%,4.81
相乗りタクシー 羽田空港,5,118,4.24%,4.97
羽田空港 リムジンバス予約 できない,5,114,4.39%,4.69
沖縄 ハイヤー vip,5,100,5%,1.19
リムジンバス 成田空港 料金,5,95,5.26%,3.88
関空送迎タクシー,5,89,5.62%,7.42
シェアタクシー 羽田空港,5,88,5.68%,5.44
vip 送迎車,5,86,5.81%,1.35
羽田空港 vip 車寄せ ana,5,79,6.33%,6.77
ハイヤー 成田空港,5,77,6.49%,4.13
ハイヤー チャイルドシート,5,76,6.58%,2.55
羽田空港周辺駐車場 安い,5,76,6.58%,6.43
ゴルフ ハイヤー,5,75,6.67%,7.72
スリップ制,5,71,7.04%,4.27
関空 駐車場 p3,5,70,7.14%,4.24
羽田空港 国際線 流れ,5,66,7.58%,7.55
羽田空港 駐車場安い,5,64,7.81%,6.36
羽田空港 駐車場 混雑 予想,5,64,7.81%,7.41
羽田空港 駐車場 予約 安い,5,63,7.94%,8.08
羽田空港 駐 車場 送迎あり 国際線,5,63,7.94%,9.57
成田空港 リムジンバス 料金 表,5,62,8.06%,3.82
羽田空港 民間駐車場 安い,5,60,8.33%,6.07
関空 第1ターミナル 駐 車場 行き方,5,58,8.62%,1.98
空港定額タクシー 関空,5,57,8.77%,7.91
羽田空港長期駐車場,5,55,9.09%,5.98
関空周辺 駐車場 安い,5,52,9.62%,4.63
羽田空港 近隣 駐車場 安い,5,51,9.8%,6.49
関空 駐車場 民間,5,51,9.8%,6.94
関西空港 駐車場 予約なしでも大丈夫,5,50,10%,2.28
成田 秋葉原 バス,5,49,10.2%,4.1
関西空港駐車場 安い,5,48,10.42%,7.25
羽田 駐車場 長期,5,43,11.63%,4.63
羽田空港駐車場予約なしでも大丈夫,5,43,11.63%,5.23
空港 ハイヤー 羽田,5,42,11.9%,2.17
羽田空港 リムジンバス 切符売り場,5,40,12.5%,1.98
高級車 送迎サービス,5,39,12.82%,1.38
羽田空港第3ターミナル ハイヤー乗り場,5,17,29.41%,1.18
成田空港 ハイヤー乗り場,5,17,29.41%,2
viplimo,5,9,55.56%,7.22
タクシー 深夜料金,4,9904,0.04%,3.91
ハイヤーとタクシーの違い,4,5733,0.07%,9.29
3キロ タクシー,4,1801,0.22%,1.26
10km タクシー,4,1594,0.25%,2.88
銀座から羽田空港,4,1382,0.29%,7.32
羽田空港駐車場混雑,4,896,0.45%,7.69
ハイヤー ゴルフ,4,879,0.46%,12.96
六本木から羽田空港,4,836,0.48%,7.26
羽田空港駐車場 料金,4,712,0.56%,7.92
札幌 タクシー 予約 ネット,4,679,0.59%,1.01
高田馬場から羽田空港,4,679,0.59%,6.47
上野駅から羽田空港,4,658,0.61%,8.05
五反田 羽田空港,4,563,0.71%,6.39
タクシー 初乗り料金,4,555,0.72%,4.79
羽田空港から神保町駅,4,539,0.74%,5.47
成田空港 タクシー,4,535,0.75%,11.87
六本木 羽田空港,4,467,0.86%,4.91
羽田空港 駐 車場 満車だったら,4,421,0.95%,3.54
成田空港から葛西駅,4,395,1.01%,7.84
札幌 タクシー 事前予約,4,381,1.05%,1.13
羽田駐車場 混雑,4,373,1.07%,8.01
リムジン 内装,4,360,1.11%,10.23
成田空港 駐 車場 空き状況,4,353,1.13%,8.76
伊丹空港 駐車場 空き状況,4,343,1.17%,7.45
関空 駐車場 割引,4,338,1.18%,7.9
関空 タクシー,4,326,1.23%,5.9
vip limousine,4,326,1.23%,25.96
成田空港から秋葉原駅,4,322,1.24%,6.18
関空 駐 車場 どこがいい 国内線,4,321,1.25%,2.88
関西国際空港 駐 車場 料金,4,308,1.3%,5.62
伊丹空港 送迎,4,307,1.3%,7.32
羽田空港 混雑予想,4,298,1.34%,10.28
国際線 到着から出口まで 時間 羽田,4,280,1.43%,4.08
六本木から成田空港,4,263,1.52%,7.18
関西空港 タクシー 定額,4,262,1.53%,5.47
関空駐車料金,4,253,1.58%,8.41
羽田空港 駐車場混雑状況,4,250,1.6%,5.9
羽田空港 国際線 到着から出るまで 時間,4,229,1.75%,3.39
羽田空港から六本木 リムジンバス 時刻表,4,218,1.83%,3.34
伊丹空港 混雑,4,214,1.87%,7.22
羽田空港第 三 ターミナル 駐 車場 混雑状況,4,209,1.91%,5.33
関空駐車場割引,4,207,1.93%,8.59
関西空港 駐車場 シュミレーション,4,206,1.94%,4.76
羽田空港 国際線 到着 時間 リアルタイム,4,196,2.04%,6.88
羽田空港送迎,4,187,2.14%,4.5
北 千住 羽田空港 リムジンバス予約,4,186,2.15%,1.08
関空 駐車場 無料,4,178,2.25%,7.15
羽田空港 定額タクシー 比較,4,177,2.26%,7.49
羽田空港から横浜駅 リムジンバス予約,4,170,2.35%,1.04
羽田空港 から渋谷駅,4,170,2.35%,8.2
羽田空港 タクシー 予約,4,147,2.72%,17.22
タクシー 初乗り 埼玉,4,143,2.8%,2.34
"銀座 から羽田空港バス 1,000円",4,139,2.88%,3.99
豊洲から羽田空港 タクシー,4,129,3.1%,4.51
羽田からディズニー タクシー 料金,4,128,3.12%,4.31
成田空港駐車場,4,126,3.17%,3.02
五反田から羽田空港 タクシー,4,125,3.2%,4.44
関空 駐 車場,4,125,3.2%,9.34
タクシー 乗り場 個人タクシー乗りたくない,4,122,3.28%,7.78
羽田空港 駐車場 割引,4,117,3.42%,10.59
羽田空港からディズニー タクシー料金,4,114,3.51%,4.54
羽田空港到着から荷物受け取り 時間,4,113,3.54%,1.18
羽田空港 赤坂 リムジンバス,4,112,3.57%,2.07
成田空港から秋葉原 バス,4,104,3.85%,5.95
羽田 リムジンバス 料金,4,104,3.85%,6.25
羽田空港 駐 車場 混雑 予測,4,100,4%,6.58
高級車 タクシー,4,99,4.04%,3.6
羽田空港 駐車場 予約なし 平日,4,99,4.04%,5.66
伊丹空港 駐車場 混雑状況 リアルタイム,4,97,4.12%,5.53
成田空港駐車場混雑状況,4,96,4.17%,5.92
3歳 タクシー 乗り方,4,93,4.3%,8.67
mkタクシーweb予約,4,92,4.35%,6.53
成田空港から 品川駅 リムジンバス 料金,4,91,4.4%,4.56
羽田空港送迎 格安,4,85,4.71%,5.22
日本接送服務,4,84,4.76%,2.45
mkタクシー 陣痛,4,84,4.76%,8.76
羽田空港 深夜 バス 埼玉,4,83,4.82%,1.84
羽田空港 予約なし 駐車場,4,82,4.88%,6.11
羽田空港第2ターミナル リムジンバス 券売機,4,79,5.06%,2.57
伊丹空港 駐車場 混雑,4,78,5.13%,6.42
豊洲 羽田空港 タクシー,4,74,5.41%,3.92
沖縄 ハイヤー,4,73,5.48%,16.68
羽田空港 駐車場 予約なしでも大丈夫,4,69,5.8%,5.57
羽田空港 駐車場 待ち時間,4,69,5.8%,7.04
羽田空港 駐車場 p5 混雑状況,4,69,5.8%,7.81
関空近くの安い駐車場,4,66,6.06%,7.24
羽田空港から豊洲 タクシー,4,64,6.25%,2.72
成田空港 駐車場 満車の場合,4,61,6.56%,5.57
羽田空港 ディズニーランド タクシー,4,60,6.67%,4.05
羽田空港 駐車場 国際線,4,58,6.9%,14.71
空港送迎 ハイヤー,4,56,7.14%,3.57
乗合タクシー 成田空港,4,55,7.27%,5.53
成田 定額タクシー mk,4,55,7.27%,7.15
年末年始 関空 駐車場,4,54,7.41%,9.46
羽田空港乗り合いタクシー,4,51,7.84%,4.67
mkタクシー アプリ 使い方,4,51,7.84%,7.49
go 陣痛タクシー,4,47,8.51%,7.13
関西空港 ハイヤー,4,46,8.7%,2.93
関空 駐車場 10日間,4,46,8.7%,4.78
羽田空港からアパホテル六本木six,4,44,9.09%,1.93
羽田空港 駐車場 混雑時間,4,42,9.52%,5.79
関空 駐車場 予約必要か,4,41,9.76%,2.8
関空 送迎 タクシー,4,41,9.76%,7.8
関西空港 駐車場 長期,4,40,10%,5.25
羽田空港 恵比寿 リムジンバス,4,40,10%,7.75
羽田空港 ディズニー タクシー 定額,4,38,10.53%,3.92
関空 駐車場 ゴールデンウィーク,4,37,10.81%,1.84
羽田 格安駐車場,4,37,10.81%,7.54
タクシー 外車,4,35,11.43%,1.49
羽田空港 国際線 到着 迎え 時間,4,34,11.76%,1.79
伊丹空港 駐車場予約なしでも大丈夫,4,31,12.9%,1.97
関西空港 格安駐車場,4,28,14.29%,7.25
羽田空港民間 駐 車場 国際線,4,26,15.38%,7.35
関空 長期駐車場,4,24,16.67%,6.46
タクシー送迎,4,23,17.39%,2.65
ディズニーランド 羽田空港 タクシー,4,22,18.18%,5.5
羽田空港 リムジンバス 自動券売機,4,19,21.05%,2.74
羽田空港 駐車場 安い 国際線,4,16,25%,3.75
観光ハイヤーとは,4,12,33.33%,1
リムジンとは,3,1730,0.17%,5.13
タクシー 迎車料金,3,1540,0.19%,5.91
羽田空港 駐車場 混雑状況 リアルタイム,3,1251,0.24%,8.58
迎車料金とは,3,1211,0.25%,2.5
ハイヤー 予約,3,1152,0.26%,6.82
タクシー初乗り料金,3,1147,0.26%,4.86
羽田空港から秋葉原,3,1118,0.27%,8.29
成田空港リムジンバス,3,1012,0.3%,8.55
ハイヤー 観光,3,988,0.3%,11.59
羽田空港国際線ターミナル,3,877,0.34%,1.16
羽田空港 混雑状況 リアルタイム,3,875,0.34%,10.1
横浜 タクシー,3,845,0.36%,11.13
赤坂から羽田空港,3,764,0.39%,7.01
タクシー料金発生中,3,748,0.4%,4.74
羽田 新橋,3,736,0.41%,6.19
羽田空港から飯田橋駅,3,647,0.46%,8.83
上野から羽田空港,3,632,0.47%,6.26
関西空港 駐 車場,3,622,0.48%,7.2
タクシー呼ぶ,3,608,0.49%,2.71
"羽田空港から成田空港バス 1,000円",3,589,0.51%,9.04
ハイヤー アルファード,3,561,0.53%,10.94
成田空港 駐車場 空き状況,3,520,0.58%,8.57
新横浜 羽田空港バス予約 必要,3,516,0.58%,1.06
関空第二ターミナル 駐車場,3,504,0.6%,3.08
羽田空港から神田駅,3,474,0.63%,6.3
タクシーの予約の仕方,3,456,0.66%,4.37
羽田空港 タクシー,3,453,0.66%,16.08
羽田空港 リムジンバス時刻表,3,438,0.68%,5.4
荻窪から羽田空港,3,437,0.69%,6.52
関空駐車場 料金,3,428,0.7%,6.38
リムジンバス 乗り方,3,424,0.71%,5.16
定額タクシー,3,423,0.71%,1.52
ハイヤー 手配,3,413,0.73%,18.79
リムジンバス予約方法,3,405,0.74%,1.42
羽田空港から豊洲市場,3,399,0.75%,8.14
高田馬場 羽田空港,3,380,0.79%,6.12
羽田から赤坂,3,370,0.81%,7.52
タクシー 子供 チャイルドシート,3,362,0.83%,3.49
羽田空港 リムジンバス 乗り場 第 一 ターミナル,3,351,0.85%,1.09
赤坂 羽田空港,3,327,0.92%,5.72
関空 駐車場 料金 シュミレーション,3,308,0.97%,3.8
成田空港 駐車場 料金,3,289,1.04%,1.78
空港送迎サービス,3,280,1.07%,3.61
新宿 成田空港 バス 1000円,3,279,1.08%,8.65
タクシーgo,3,278,1.08%,2.82
成田空港から銀座,3,275,1.09%,7.18
大井町 羽田空港,3,259,1.16%,8.68
関西空港駐車場予約,3,257,1.17%,9.14
たまプラーザ 羽田空港バス予約 なし,3,239,1.26%,1.02
羽田空港 荷物受け取り 時間,3,228,1.32%,1.79
関空 混雑状況 リアルタイム,3,218,1.38%,5.55
羽田空港 駐車場 値段,3,198,1.52%,8.84
羽田空港第1ターミナル バス チケット 売り場,3,195,1.54%,5.03
羽田空港から霞ヶ関駅,3,191,1.57%,6.16
羽田 国際線 到着,3,187,1.6%,10.35
関空 駐 車場 空き状況,3,185,1.62%,6.42
リムジンバスとはどんなバスですか,3,183,1.64%,5.61
伊丹空港 混雑状況,3,177,1.69%,5.06
羽田空港から赤坂見附駅,3,169,1.78%,6.78
月島 羽田空港,3,165,1.82%,4.71
2歳 タクシー 乗り方,3,165,1.82%,9.73
タクシー 前日 予約 大阪,3,164,1.83%,1.12
西船橋 羽田空港バス予約,3,162,1.85%,1.14
羽田空港からディズニーランド,3,161,1.86%,3.91
関西国際空港 駐車料金,3,150,2%,7.52
羽田空港 入国審査,3,149,2.01%,2.67
羽田空港から池袋 タクシー,3,148,2.03%,1.69
羽田空港から 藤沢駅 リムジンバス予約,3,146,2.05%,1.03
羽田空港駐車場 混雑,3,142,2.11%,7.39
ハイヤー タクシー 違い 見た目,3,140,2.14%,3.89
那覇空港 タクシー,3,140,2.14%,13.44
タクシー 大きい荷物,3,138,2.17%,4.62
羽田空港 駐車場 混雑予測,3,138,2.17%,6.27
羽田空港第3ターミナル 駐 車場 混雑状況,3,138,2.17%,6.51
伊丹空港駐車場混雑状況,3,137,2.19%,5.52
成田空港 駐車場 リアルタイム,3,133,2.26%,6.44
羽田空港 バス 券売機,3,131,2.29%,7.27
羽田空港 入国手続き 時間,3,128,2.34%,1.37
成田空港 駐車場混雑状況,3,127,2.36%,6.73
羽田パーキング,3,127,2.36%,8.8
羽田空港 駐 車場 予約料金,3,125,2.4%,10.48
羽田空港 送迎サービス,3,124,2.42%,5.11
羽田空港 立川バス チケット 売り場,3,122,2.46%,1.02
東京 機場接送,3,116,2.59%,7.86
関空 駐車料金 シュミレーション,3,113,2.65%,5.33
浜松町から羽田空港 タクシー,3,112,2.68%,2.95
羽田空港 vip 車寄せ,3,112,2.68%,4.38
羽田空港 駐 車場 混雑予想 カレンダー,3,110,2.73%,10.06
六本木から羽田空港 タクシー,3,106,2.83%,3.71
成田 羽田 リムジンバス 料金,3,106,2.83%,6.33
羽田空港 深夜 タクシー,3,105,2.86%,9.68
羽田空港 国際線 入国手続き 時間,3,101,2.97%,2.54
タクシー チャイルドシート 東京,3,100,3%,6.5
個人タクシー 高級車,3,98,3.06%,3.11
羽田空港から新橋駅 京 急 線,3,96,3.12%,7.86
日本 機場接送,3,95,3.16%,7.11
羽田空港 駐車場 混雑状況 予想,3,94,3.19%,8.9
羽田空港 恵比寿 バス,3,93,3.23%,6.45
池袋 羽田空港 タクシー,3,92,3.26%,2.32
羽田から池袋 タクシー,3,92,3.26%,2.43
羽田空港から横浜駅,3,92,3.26%,3.04
成田からリムジンバス,3,92,3.26%,8.04
沖縄 定額タクシー おすすめ,3,92,3.26%,8.26
羽田空港から上野動物園,3,91,3.3%,1.93
羽田空港 駐 車場 無料,3,91,3.3%,10.36
ワゴンタクシー 何人乗り,3,90,3.33%,2.84
成田空港から大井町,3,90,3.33%,7.37
羽田空港から東京駅 タクシー料金,3,89,3.37%,1.07
羽田空港から六本木 タクシー,3,89,3.37%,2.88
福岡 タクシー 予約 おすすめ,3,88,3.41%,1
成田空港から品川プリンスホテル,3,88,3.41%,7.53
羽田空港格安駐車場,3,87,3.45%,7.57
安い関空駐車場vip レビュー,3,86,3.49%,5.99
月島から成田空港,3,86,3.49%,7.62
羽田空港から幕張メッセ,3,84,3.57%,3.2
タクシー乗り場 ルール,3,82,3.66%,2.46
関空 送迎タクシー,3,82,3.66%,6.54
羽田空港 駐車場民間,3,80,3.75%,7.91
羽田空港から赤坂 タクシー,3,79,3.8%,3.51
羽田から東京駅,3,78,3.85%,2.88
羽田 民間駐車場,3,78,3.85%,10.08
羽田空港から豊洲駅 タクシー,3,75,4%,1.37
羽田空港 民間 駐車場,3,75,4%,8.77
大阪 ハイヤー,3,74,4.05%,17.55
羽田空港から 千葉駅 リムジンバス予約,3,72,4.17%,1.04
恵比寿 羽田空港 タクシー,3,71,4.23%,4.75
成田空港 p5 予約なし,3,71,4.23%,5.2
タクシーの迎車料金とは,3,70,4.29%,2.46
関西国際空港 民間駐車場,3,70,4.29%,5.31
津田沼 羽田空港 リムジンバス予約 できない,3,69,4.35%,1.16
羽田空港 から豊洲駅,3,68,4.41%,5.24
東京 ハイヤー アルファード,3,68,4.41%,7.62
羽田空港から目黒駅 タクシー,3,67,4.48%,1.63
太田 から 羽田空港 高速バス チケット 売り場,3,67,4.48%,1.66
羽田空港 バス チケット 買い方,3,65,4.62%,2.03
羽田空港から大井町駅 タクシー,3,64,4.69%,1.98
リムジンバス羽田空港線 料金,3,64,4.69%,6.52
関西空港 民間駐車場,3,64,4.69%,7.84
羽田空港 池袋 タクシー料金,3,63,4.76%,1.56
チャイルドシート タクシー 東京,3,62,4.84%,9.1
羽田空港 タクシー 安い,3,61,4.92%,5.74
タクシー乗り場にタクシーがいない,3,61,4.92%,6.03
成田空港から市ヶ谷駅,3,60,5%,5.7
羽田 駐 車場 料金,3,58,5.17%,9.62
羽田国際線 到着から出るまで,3,55,5.45%,4.4
羽田から上野 タクシー,3,54,5.56%,2.52
関空 駐車場 安い 送迎,3,54,5.56%,5.52
羽田空港 駐車場 予約 民間,3,54,5.56%,8.61
関空 駐車場 年末年始,3,53,5.66%,8.89
成田空港 駐車場 予約なしでも大丈夫,3,52,5.77%,4.13
ディズニー 定額タクシー,3,52,5.77%,10.38
羽田空港深夜 バス 品川,3,51,5.88%,1.24
羽田空港 深夜バス 埼玉,3,51,5.88%,2.04
伊丹空港 混み具合,3,51,5.88%,2.22
ハイヤー レンタル,3,50,6%,3.76
池袋 羽田 タクシー,3,49,6.12%,2.86
タクシー スリップ制,3,48,6.25%,2.1
羽田空港 パーキング 安い,3,48,6.25%,7.67
羽田空港から中野駅,3,48,6.25%,7.75
羽田空港 リムジンバス 発券機,3,47,6.38%,3.04
日本橋から羽田空港 タクシー,3,47,6.38%,4.23
ハイヤー 空港,3,47,6.38%,6.13
ハイヤー ゴルフ送迎,3,47,6.38%,7
羽田空港 リムジンバス チケット買い方,3,46,6.52%,1.8
羽田空港から赤坂駅 リムジンバス,3,46,6.52%,1.96
羽田空港 駐車場 空いてる,3,45,6.67%,4.82
関空定額タクシー,3,44,6.82%,7.52
関空付近 駐車場 安い,3,43,6.98%,6.91
桜木 町 リムジンバス 乗り場,3,42,7.14%,1.05
羽田空港から大崎駅 タクシー,3,42,7.14%,2.57
羽田空港から 桜木 町 駅 リムジンバス予約,3,41,7.32%,1.07
羽田空港第3ターミナル タクシー 乗り場,3,41,7.32%,1.71
伊丹空港 タクシー 予約なし,3,40,7.5%,4.67
羽田空港 駐車場 10日間,3,39,7.69%,4.97
羽田空港 駐車場 激安,3,38,7.89%,6.34
関空送迎付き駐車場,3,38,7.89%,7.16
羽田 駐車場 格安,3,38,7.89%,8.5
関空p5駐車場 予約,3,36,8.33%,1
羽田空港リムジンバス,3,36,8.33%,6.39
関西空港 駐車場 1週間,3,35,8.57%,3.54
羽田空港 上野 タクシー,3,34,8.82%,4.71
成田空港 駐 車場 p2 予約なし,3,34,8.82%,4.79
ハイヤーアプリ,3,33,9.09%,4.15
羽田空港 駐車場 国際線 民間,3,33,9.09%,7.33
チャイルドシート付きタクシー 東京,3,33,9.09%,9.97
羽田空港から神田駅 タクシー,3,32,9.38%,3
成田空港 乗合タクシー,3,32,9.38%,6.53
成田空港駐車場混雑予想,3,32,9.38%,6.88
グランドプリンスホテル新高輪 羽田空港 リムジンバス,3,31,9.68%,1
羽田空港から東京ディズニーランド リムジンバス,3,31,9.68%,4.87
ゴルフ タクシー,3,30,10%,4.53
羽田送迎,3,29,10.34%,6.1
羽田空港 駐車場 1週間 料金,3,28,10.71%,4.86
ゴルフ送迎,3,27,11.11%,6.11
関空駐車場予約なしでも大丈夫,3,26,11.54%,1.58
羽田空港ハイヤー おすすめ,3,26,11.54%,2.08
羽田空港 駐 車場 予約なし,3,26,11.54%,5.77
千葉 駅 から 成田空港 リムジンバス 時刻表,3,24,12.5%,1
タクシー 呼ぶ 横浜,3,23,13.04%,2.83
タクシー 迎車料金 埼玉,3,21,14.29%,1.14
ゴルフ送迎 安い,3,20,15%,10.25
沖縄ハイヤー,3,20,15%,14.75
伊丹空港 送迎スペース 混雑 状況,3,19,15.79%,3.95
東京駅から成田空港 リムジンバス,3,18,16.67%,4.61
関空の駐車場は予約したほうがいいですか,3,17,17.65%,3.71
羽田空港 駐車場 民間 国際線,3,17,17.65%,7.12
東京 チャイルドシート タクシー,3,15,20%,7.53
東京接送服務,3,14,21.43%,8.71
関西空港 駐車場 年末年始,3,13,23.08%,14.23
サンパーキング,3,12,25%,1.83
vip ハイヤー配車,3,10,30%,1
羽田リムジンバス乗り方,3,10,30%,4.2
サン パーキング関空 店,3,9,33.33%,1.67
タクシー ハイヤー 違い,2,2702,0.07%,8.89
ハイヤー とは,2,2112,0.09%,16.34
迎車料金,2,1792,0.11%,3.47
羽田空港 国際線ターミナル,2,1481,0.14%,1.09
10キロ タクシー,2,1440,0.14%,4.1
迎車とは,2,1154,0.17%,7.31
陣痛 救急車,2,1133,0.18%,4
タクシー 夜間料金,2,875,0.23%,5.76
高級車 送迎,2,805,0.25%,14.65
品川駅から成田空港,2,709,0.28%,9.9
ハイヤー リムジン,2,697,0.29%,19
横浜 タクシー 料金,2,686,0.29%,3.01
タクシー5キロいくら,2,656,0.3%,2.96
羽田空港 駐車場 リアルタイム,2,652,0.31%,9.38
陣痛タクシーとは,2,612,0.33%,3.5
2キロ タクシー,2,583,0.34%,3.34
羽田空港から御茶ノ水駅,2,556,0.36%,9.07
神田駅から羽田空港,2,538,0.37%,6.41
羽田空港から目黒駅,2,538,0.37%,7.37
新橋から成田空港,2,537,0.37%,7.53
伊丹空港 タクシー乗り場,2,524,0.38%,10.28
関空 駐車場 空き状況,2,522,0.38%,8
羽田から銀座,2,518,0.39%,8.06
リムジンバス,2,516,0.39%,3.65
豊洲 羽田,2,497,0.4%,8.44
羽田空港から市ヶ谷駅,2,494,0.4%,6.49
タクシー初乗り,2,485,0.41%,8.84
羽田空港 国際線 到着 迎え,2,484,0.41%,5.83
伊丹空港 駐 車場 無料,2,473,0.42%,5.88
羽田空港から北千住駅,2,459,0.44%,8.05
破水 タクシー,2,428,0.47%,1.23
タクシー 30分 料金 だいたい,2,424,0.47%,8.5
タクシー二キロ料金,2,411,0.49%,2.85
空港 駐車場 料金,2,403,0.5%,1.26
タクシーアプリ 迎車料金なし,2,401,0.5%,1.16
成田空港 リムジンバス 行き先,2,392,0.51%,8.44
成田空港から六本木,2,391,0.51%,6.69
関空 第二ターミナル 駐車場,2,382,0.52%,2.9
恵比寿 羽田空港,2,369,0.54%,6.07
羽田空港 から横浜駅 リムジンバス時刻表,2,365,0.55%,3.98
ハイヤー 大阪,2,362,0.55%,16.89
北千住から羽田空港,2,360,0.56%,9.82
札幌 タクシー 前日予約できる,2,354,0.56%,1.09
羽田空港から新橋駅 乗り換え なし,2,340,0.59%,8.09
タクシー 30 キロ 料金 だいたい,2,331,0.6%,4.27
羽田空港 渋谷,2,326,0.61%,7.71
羽田空港から東京ドーム リムジンバス予約,2,321,0.62%,2.06
関空 駐 車場 2泊3日,2,319,0.63%,1.42
羽田空港 混雑状況,2,313,0.64%,9.59
タクシー料金 千葉,2,310,0.65%,7.67
たま プラーザ 羽田空港バス予約 なし,2,305,0.66%,1.02
タクシー 送迎料金,2,294,0.68%,3.95
羽田空港定額タクシー おすすめ,2,291,0.69%,1.86
成田空港行き バス 1000円,2,282,0.71%,11.24
関空 第2ターミナル 駐 車場 料金,2,281,0.71%,6.92
リムジンバス 当日購入方法,2,274,0.73%,2.07
mkタクシー,2,268,0.75%,6
赤坂駅から羽田空港,2,265,0.75%,8.36
関空 駐 車場 料金 シュミレーション なくなっ た,2,263,0.76%,2.76
恵比寿駅から羽田空港,2,262,0.76%,7.68
荻窪 羽田空港,2,256,0.78%,6.92
羽田空港から日光 リムジンバス,2,255,0.78%,1
タクシー 配車,2,255,0.78%,3.89
成田空港 混雑 今日,2,255,0.78%,9.19
関空 駐 車場 予約,2,252,0.79%,9.02
羽田空港から神保町,2,250,0.8%,5.51
羽田空港から 新宿駅 リムジンバス 料金,2,248,0.81%,1.32
タクシー料金 埼玉 計算,2,243,0.82%,4.31
羽田空港から浅草,2,239,0.84%,2.51
成田空港から大宮駅 リムジンバス,2,238,0.84%,2.94
銀座 羽田空港,2,234,0.85%,7.47
羽田空港 バスチケット売り場,2,231,0.87%,4.07
横浜市 タクシー 迎車料金なし,2,231,0.87%,7.93
関空 第二 ターミナル 駐 車場 料金,2,230,0.87%,7.65
羽田機場接送,2,228,0.88%,18.3
羽田空港 駐 車場 民間 穴場,2,216,0.93%,7.28
羽田空港 駐車場 混雑状況 現在,2,213,0.94%,7.14
タクシー 乗り場 待って たら くる,2,206,0.97%,4.77
タクシー2キロ,2,203,0.99%,4.06
関西空港 送迎,2,200,1%,8.24
羽田空港リムジンバス 支払い 方法,2,199,1.01%,9.4
羽田空港 恵比寿,2,198,1.01%,7.68
門前仲町から羽田空港,2,195,1.03%,6.68
羽田空港から東京ドーム,2,192,1.04%,2.1
埼玉県 タクシー料金,2,192,1.04%,6.83
成田空港 タクシー 定額,2,183,1.09%,11.56
タクシー チャイルドシート付き,2,177,1.13%,2.45
霞ヶ関から羽田空港,2,176,1.14%,7.6
関空 タクシー 予約,2,174,1.15%,9.03
羽田空港から新宿三丁目駅,2,172,1.16%,7.26
迎車回送料金,2,171,1.17%,4.41
関空駐車場代,2,171,1.17%,6.85
成田空港からリムジンバス 行き先,2,168,1.19%,8.58
羽田から月島,2,167,1.2%,7.32
羽田空港から新橋駅 京急線,2,166,1.2%,4.45
東京駅から成田空港 タクシー,2,162,1.23%,2.35
豊洲pitから羽田空港,2,161,1.24%,7.04
成田空港 混雑 リアルタイム,2,161,1.24%,7.61
海浜幕張 羽田空港 バス 切符 売り場,2,160,1.25%,1.16
半蔵門から羽田空港,2,159,1.26%,7.72
タクシー 荷物,2,157,1.27%,8.56
リムジンバス乗り方,2,156,1.28%,4.47
観光タクシー デメリット,2,155,1.29%,2.06
アルファード タクシー,2,152,1.32%,4.42
羽田空港から市ヶ谷,2,152,1.32%,8.35
荻窪 羽田,2,148,1.35%,5.9
羽田空港から明治神宮 リムジンバス,2,147,1.36%,1.03
迎車回送料金とは,2,147,1.36%,2.87
タクシー 配車 料金,2,147,1.36%,4.63
恵比寿 から羽田空港 リムジンバス,2,144,1.39%,6.6
羽田から市ヶ谷,2,144,1.39%,8.14
伊丹空港 駐 車場 予約,2,144,1.39%,10.62
羽田空港から新横浜駅 リムジンバス予約,2,143,1.4%,1.02
羽田空港 バス チケット売り場,2,142,1.41%,4.35
mkタクシー予約,2,140,1.43%,8.07
羽田空港パーキング料金,2,137,1.46%,9.93
関空 定額タクシー,2,136,1.47%,7.38
大井町から成田空港,2,134,1.49%,9.68
関空 第一ターミナル 駐車場,2,133,1.5%,1.49
関空 リムジンバス 梅田 乗り場,2,133,1.5%,2.85
羽田空港 vip,2,133,1.5%,5.34
羽田空港 リムジンバス 予約,2,132,1.52%,9.11
羽田空港から品川駅 リムジンバス 時刻表,2,131,1.53%,1.13
羽田空港から日暮里駅,2,131,1.53%,7.39
成田空港から東京駅 タクシー,2,130,1.54%,1.76
羽田空港 リムジンバス 料金 支払い 方法,2,130,1.54%,3.42
柏 羽田空港バス予約,2,129,1.55%,4.52
関空 駐 車場 国際線 近い,2,128,1.56%,1.77
羽田空港からタクシー,2,128,1.56%,6.3
羽田空港から舞浜 駅 リムジンバス 時刻表,2,126,1.59%,1.9
タクシー ゴルフバッグ,2,125,1.6%,4.71
羽田空港 駐車場 どこがいい,2,122,1.64%,5.42
羽田空港から本郷三丁目,2,121,1.65%,6.02
関空駐車場シュミレーション,2,120,1.67%,3.73
成田空港からリムジンバス,2,119,1.68%,10.03
関空 第二ターミナル 駐車場 予約,2,118,1.69%,1.3
羽田空港 から渋谷,2,117,1.71%,8.09
羽田空港 リムジンバス 乗り場,2,117,1.71%,9.65
羽田空港からディズニーランド リムジンバス,2,116,1.72%,4.13
八丁堀 羽田空港,2,116,1.72%,6.28
関空 リムジンバス 支払い 方法,2,114,1.75%,2.68
成田空港から千葉駅 リムジンバス 時刻表,2,113,1.77%,1
外苑前から羽田空港,2,113,1.77%,7.23
蒲田 羽田空港 シャトルバス予約,2,109,1.83%,1.03
羽田から渋谷 タクシー,2,109,1.83%,2.56
羽田空港から渋谷 タクシー,2,109,1.83%,2.79
六本木ヒルズ 羽田空港 リムジンバス,2,108,1.85%,1.76
羽田空港から上野駅 リムジンバス,2,108,1.85%,3.78
羽田 渋谷 タクシー,2,106,1.89%,1.74
羽田空港 永田町,2,106,1.89%,7.14
羽田空港から鎌倉駅 リムジンバス 時刻表,2,102,1.96%,1.17
羽田空港 から豊洲,2,102,1.96%,5.83
羽田から半蔵門駅,2,102,1.96%,7.51
limo,2,102,1.96%,27.08
関西空港 駐車場 料金 シュミレーション,2,101,1.98%,4.68
麻布十番から成田空港,2,100,2%,6.05
関空安い駐車場,2,100,2%,7.14
羽田空港から上野駅 タクシー,2,99,2.02%,1.72
関空の駐車場料金,2,99,2.02%,5.02
羽田から豊洲駅,2,99,2.02%,7.21
羽田 駐車場,2,99,2.02%,12.37
成田空港 タクシー 深夜,2,98,2.04%,6.36
成田から六本木,2,98,2.04%,8.28
タクシー 迎車料金とは,2,97,2.06%,2.46
成田空港 駐車場 混雑 リアルタイム,2,94,2.13%,6.24
羽田空港国際線到着便,2,94,2.13%,7.86
関西空港 駐 車場 予約,2,94,2.13%,9.04
伊丹空港 駐車場 無料,2,93,2.15%,5.34
羽田 民間駐車場 おすすめ,2,93,2.15%,8.17
国際線 流れ 羽田,2,93,2.15%,8.47
豊洲 羽田空港,2,93,2.15%,10.16
羽田 到着便 国際線,2,92,2.17%,6.92
成田空港から品川駅 安い,2,91,2.2%,7.41
関空 車 預かり,2,90,2.22%,1.34
ハイヤー 東京 安い,2,89,2.25%,3.83
羽田 駐車場 予約なし,2,89,2.25%,6.21
空港 ハイヤー,2,89,2.25%,6.24
タクシー乗り場 タクシーいない,2,88,2.27%,5.53
羽田駐車場 料金,2,88,2.27%,9.18
関空駐車場 混雑状況,2,86,2.33%,6.35
羽田 駐車場 混雑状況,2,85,2.35%,6.73
羽田空港 駐車場混雑,2,85,2.35%,7.32
羽田空港から東京タワー リムジンバス,2,84,2.38%,1
関空第一ターミナル駐車場,2,84,2.38%,1.75
羽田空港 溝の口 リムジンバス 時刻表,2,83,2.41%,1.07
羽田空港 国際線 お迎え 待機,2,83,2.41%,6.73
羽田空港 ディズニー タクシー 料金,2,82,2.44%,4.02
羽田空港から戸塚駅 リムジンバス 時刻表,2,81,2.47%,1
成田 定額タクシー,2,81,2.47%,10.01
羽田空港から浅草 タクシー料金,2,80,2.5%,2.23
羽田から池袋,2,80,2.5%,3.49
羽田空港 定額タクシー おすすめ,2,80,2.5%,5.69
羽田空港 津田沼 バス 料金,2,79,2.53%,1
羽田空港 から 新宿駅 リムジンバス 乗り場,2,79,2.53%,1.13
羽田空港 東京駅,2,79,2.53%,1.43
成田空港 駐車場 満車,2,79,2.53%,5.13
"成田空港 羽田空港 バス 1,000円",2,79,2.53%,7.1
成田空港 駐 車場,2,78,2.56%,2.59
送迎 ビジネス,2,78,2.56%,6.56
関西空港 送迎 車,2,77,2.6%,3.36
関空駐車場 シュミレーション,2,77,2.6%,4.35
関西空港 駐車場代,2,77,2.6%,6.62
羽田空港 uber 乗り場,2,76,2.63%,1.72
東京駅 成田空港 タクシー 料金,2,76,2.63%,3.36
kix駐車場料金,2,76,2.63%,4.86
陣痛タクシー 夜中,2,75,2.67%,3.48
門前仲町から成田空港,2,75,2.67%,6.8
空港タクシー 関空,2,74,2.7%,9
羽田空港から舞浜駅 リムジンバス 時刻表,2,73,2.74%,2.18
二俣川 羽田空港バス予約,2,72,2.78%,1.06
関空第二ターミナル 駐車場 予約,2,72,2.78%,1.17
関空格安駐車場,2,72,2.78%,9.65
神田駅 タクシー乗り場,2,71,2.82%,1.18
恵比寿から羽田空港 タクシー,2,71,2.82%,3.55
関空 駐車場 3日間,2,71,2.82%,4.08
タクシー 高級,2,71,2.82%,5.07
関空 駐車場 国際線,2,70,2.86%,2.8
羽田空港 vip 車寄せ jal,2,70,2.86%,5.54
ディズニーシーから羽田空港 タクシー,2,69,2.9%,4.94
関空 第 二 ターミナル 駐 車場 空き 状況,2,69,2.9%,8.26
羽田空港 民間 駐 車場 早朝,2,69,2.9%,9.39
北 千住 成田空港 リムジンバス 時刻表,2,68,2.94%,1.24
羽田空港 駐車場 料金 1週間,2,68,2.94%,4.6
東京から成田空港 タクシー料金,2,68,2.94%,5.46
関空 臨時駐車場,2,67,2.99%,1.28
羽田空港 リムジンバス チケット,2,67,2.99%,2.79
羽田空港 タクシー 値段,2,67,2.99%,2.82
羽田空港 国際線 到着ロビー,2,67,2.99%,4.85
羽田空港から四ツ谷駅,2,67,2.99%,8.6
関空民間駐車場,2,65,3.08%,5.8
関空 第二 ターミナル 駐 車場 空き 状況,2,64,3.12%,1.5
関空駐車場vip,2,64,3.12%,7.83
目黒から成田空港,2,64,3.12%,9.83
羽田空港国際線 到着,2,63,3.17%,10.1
伊丹空港混雑状況,2,62,3.23%,4.24
新宿駅から羽田空港,2,62,3.23%,4.69